storeid,picturepath,newpicturepath
224,lof/seller/IMG_20150928_153442.jpg,lof/seller/IMG_20150928_153442-270x360.jpg
225,lof/seller/IMG_20150928_153953.jpg,lof/seller/IMG_20150928_153953-270x480.jpg
227,lof/seller/IMG_20150928_154741.jpg,lof/seller/IMG_20150928_154741-270x480.jpg
228,lof/seller/IMG_20150928_155126.jpg,lof/seller/IMG_20150928_155126-270x360.jpg
230,lof/seller/IMG_20150928_163135.jpg,lof/seller/IMG_20150928_163135-270x360.jpg
233,lof/seller/IMG_20150928_164353.jpg,lof/seller/IMG_20150928_164353-270x480.jpg
234,lof/seller/IMG_20150928_175233.jpg,lof/seller/IMG_20150928_175233-480x853.jpg
235,lof/seller/IMG_20150928_180049.jpg,lof/seller/IMG_20150928_180049-480x640.jpg
236,lof/seller/IMG_20150928_180800.jpg,lof/seller/IMG_20150928_180800-480x853.jpg
237,lof/seller/IMG_20150928_181302.jpg,lof/seller/IMG_20150928_181302-480x853.jpg
238,lof/seller/IMG_20150928_182334.jpg,lof/seller/IMG_20150928_182334-480x640.jpg
239,lof/seller/IMG_20150929_145822.jpg,lof/seller/IMG_20150929_145822-480x640.jpg
240,lof/seller/IMG_20150929_150600.jpg,lof/seller/IMG_20150929_150600-480x640.jpg
241,lof/seller/IMG_20150929_152000.jpg,lof/seller/IMG_20150929_152000-480x640.jpg
242,lof/seller/IMG_20150929_152000.jpg,lof/seller/IMG_20150929_152000-480x640.jpg
243,lof/seller/IMG_20150929_154042.jpg,lof/seller/IMG_20150929_154042-480x640.jpg
244,lof/seller/IMG_20150929_162314.jpg,lof/seller/IMG_20150929_162314-480x640.jpg
245,lof/seller/IMG_20150929_162749.jpg,lof/seller/IMG_20150929_162749-480x640.jpg
246,lof/seller/IMG_20150929_163654.jpg,lof/seller/IMG_20150929_163654-480x640.jpg
247,lof/seller/IMG_20150929_165009.jpg,lof/seller/IMG_20150929_165009-480x640.jpg
248,lof/seller/IMG_20150929_170821.jpg,lof/seller/IMG_20150929_170821-480x640.jpg
249,lof/seller/IMG_20150929_171711.jpg,lof/seller/IMG_20150929_171711-480x640.jpg
250,lof/seller/IMG_20150929_172617.jpg,lof/seller/IMG_20150929_172617-480x640.jpg
251,lof/seller/IMG_20150929_173432.jpg,lof/seller/IMG_20150929_173432-480x640.jpg
252,lof/seller/IMG_20150929_174102.jpg,lof/seller/IMG_20150929_174102-480x640.jpg
255,lof/seller/IMG_20151001_161601.jpg,lof/seller/IMG_20151001_161601-364x645.jpg
268,lof/seller/IMG_20151002_141425.jpg,lof/seller/IMG_20151002_141425-480x851.jpg
269,lof/seller/IMG_20151002_142021.jpg,lof/seller/IMG_20151002_142021-480x640.jpg
270,lof/seller/IMG_20151002_142740.jpg,lof/seller/IMG_20151002_142740-480x640.jpg
271,lof/seller/IMG_20151002_141807.jpg,NA
272,lof/seller/IMG_20151002_143701.jpg,lof/seller/IMG_20151002_143701-480x640.jpg
273,lof/seller/IMG_20151002_144353.jpg,NA
274,lof/seller/IMG_20151002_144259.jpg,lof/seller/IMG_20151002_144259-480x851.jpg
275,lof/seller/IMG_20151002_145115.jpg,lof/seller/IMG_20151002_145115-480x640.jpg
276,lof/seller/IMG_20151002_145447.jpg,lof/seller/IMG_20151002_145447-480x851.jpg
277,lof/seller/IMG_20151002_145718.jpg,NA
281,lof/seller/IMG_20151002_150651.jpg,lof/seller/IMG_20151002_150651-480x640.jpg
282,lof/seller/IMG_20151002_151251.jpg,lof/seller/IMG_20151002_151251-480x640.jpg
283,lof/seller/IMG_20151002_151805.jpg,lof/seller/IMG_20151002_151805-480x640.jpg
285,lof/seller/IMG_20151002_154931.jpg,lof/seller/IMG_20151002_154931-480x851.jpg
287,lof/seller/IMG_20151002_161433.jpg,lof/seller/IMG_20151002_161433-480x640.jpg
288,lof/seller/IMG_20151002_162952.jpg,lof/seller/IMG_20151002_162952-480x640.jpg
290,lof/seller/IMG_20151002_164604.jpg,lof/seller/IMG_20151002_164604-480x640.jpg
295,lof/seller/IMG_20151003_111233.jpg,lof/seller/IMG_20151003_111233-480x640.jpg
296,lof/seller/IMG_20151003_111932.jpg,lof/seller/IMG_20151003_111932-480x640.jpg
297,lof/seller/IMG_20151003_112727.jpg,lof/seller/IMG_20151003_112727-480x640.jpg
298,lof/seller/IMG_20151003_113520.jpg,lof/seller/IMG_20151003_113520-480x640.jpg
299,lof/seller/IMG_20151003_114213.jpg,lof/seller/IMG_20151003_114213-480x640.jpg
300,lof/seller/IMG_20151003_115348.jpg,lof/seller/IMG_20151003_115348-480x640.jpg
301,lof/seller/IMG_20151003_115911.jpg,lof/seller/IMG_20151003_115911-480x640.jpg
302,lof/seller/IMG_20151003_120621.jpg,lof/seller/IMG_20151003_120621-600x450.jpg
303,lof/seller/IMG_20151003_123527.jpg,lof/seller/IMG_20151003_123527-612x816.jpg
304,lof/seller/IMG_20151003_123917.jpg,lof/seller/IMG_20151003_123917-600x800.jpg
305,lof/seller/IMG_20151003_124708.jpg,lof/seller/IMG_20151003_124708-600x800.jpg
306,lof/seller/IMG_20151003_125138.jpg,lof/seller/IMG_20151003_125138-600x450.jpg
307,lof/seller/IMG_20151003_125608.jpg,lof/seller/IMG_20151003_125608-480x640.jpg
308,lof/seller/IMG_20151003_130110.jpg,lof/seller/IMG_20151003_130110-480x640.jpg
309,lof/seller/IMG_20151003_135531.jpg,lof/seller/IMG_20151003_135531-600x800.jpg
310,lof/seller/IMG_20151003_140726.jpg,lof/seller/IMG_20151003_140726-600x800.jpg
311,lof/seller/IMG_20151003_143334.jpg,lof/seller/IMG_20151003_143334-480x640.jpg
312,lof/seller/IMG_20151003_143733.jpg,lof/seller/IMG_20151003_143733-600x800.jpg
313,lof/seller/IMG_20151003_151042.jpg,lof/seller/IMG_20151003_151042-600x800.jpg
314,lof/seller/IMG_20151003_151604.jpg,lof/seller/IMG_20151003_151604-480x640.jpg
315,lof/seller/IMG_20151003_151821.jpg,lof/seller/IMG_20151003_151821-600x800.jpg
316,lof/seller/IMG_20151003_152813.jpg,lof/seller/IMG_20151003_152813-480x640.jpg
317,lof/seller/IMG_20151003_153214.jpg,lof/seller/IMG_20151003_153214-480x640.jpg
318,lof/seller/IMG_20151003_153929.jpg,lof/seller/IMG_20151003_153929-600x800.jpg
319,lof/seller/IMG_20151003_155002.jpg,lof/seller/IMG_20151003_155002-480x640.jpg
320,lof/seller/IMG_20151003_161808.jpg,lof/seller/IMG_20151003_161808-600x800.jpg
321,lof/seller/IMG_20151003_162733.jpg,lof/seller/IMG_20151003_162733-612x816.jpg
322,lof/seller/IMG_20151003_164339.jpg,lof/seller/IMG_20151003_164339-600x800.jpg
323,lof/seller/IMG_20151005_150754.jpg,lof/seller/IMG_20151005_150754-612x345.jpg
324,lof/seller/IMG_20151005_151500.jpg,lof/seller/IMG_20151005_151500-364x205.jpg
325,lof/seller/IMG_20151005_152300.jpg,lof/seller/IMG_20151005_152300-480x640.jpg
327,lof/seller/IMG_20151005_153541.jpg,lof/seller/IMG_20151005_153541-600x800.jpg
329,lof/seller/IMG_20151005_154247.jpg,lof/seller/IMG_20151005_154247-600x800.jpg
330,lof/seller/IMG_20151005_155102.jpg,lof/seller/IMG_20151005_155102-480x640.jpg
331,lof/seller/IMG_20151005_155359.jpg,lof/seller/IMG_20151005_155359-364x645.jpg
333,lof/seller/IMG_20151005_160110.jpg,lof/seller/IMG_20151005_160110-480x640.jpg
334,lof/seller/IMG_20151005_160246.jpg,lof/seller/IMG_20151005_160246-364x205.jpg
336,lof/seller/IMG_20151005_161400.jpg,lof/seller/IMG_20151005_161400-600x800.jpg
337,lof/seller/IMG_20151005_162313.jpg,lof/seller/IMG_20151005_162313-480x640.jpg
338,lof/seller/IMG_20151005_163150.jpg,lof/seller/IMG_20151005_163150-480x640.jpg
339,lof/seller/IMG_20151005_163835.jpg,lof/seller/IMG_20151005_163835-480x640.jpg
340,lof/seller/IMG_20151005_165126.jpg,lof/seller/IMG_20151005_165126-480x640.jpg
341,lof/seller/IMG_20151005_170325.jpg,lof/seller/IMG_20151005_170325-480x640.jpg
342,lof/seller/IMG_20151005_171030.jpg,lof/seller/IMG_20151005_171030-600x800.jpg
345,lof/seller/IMG_20151009_140208.jpg,NA
346,lof/seller/IMG_20151009_150841.jpg,lof/seller/IMG_20151009_150841-364x645.jpg
347,lof/seller/IMG_20151009_151529.jpg,lof/seller/IMG_20151009_151529-364x645.jpg
348,lof/seller/IMG_20151009_152242.jpg,NA
349,lof/seller/IMG_20151009_152747.jpg,NA
350,lof/seller/IMG_20151009_155015.jpg,NA
351,lof/seller/IMG_20151009_155406.jpg,NA
352,lof/seller/IMG_20151009_160614.jpg,lof/seller/IMG_20151009_160614-480x640.jpg
353,lof/seller/IMG_20151009_162358.jpg,NA
354,lof/seller/IMG_20151009_162515.jpg,NA
355,lof/seller/IMG_20151009_163050.jpg,NA
356,lof/seller/IMG_20151009_163358.jpg,NA
357,lof/seller/IMG_20151009_163712.jpg,lof/seller/IMG_20151009_163712-364x648.jpg
358,lof/seller/IMG_20151009_164203.jpg,lof/seller/IMG_20151009_164203-364x648.jpg
359,lof/seller/IMG_20151009_164611.jpg,NA
360,lof/seller/IMG_20151009_165012.jpg,lof/seller/IMG_20151009_165012-364x648.jpg
361,lof/seller/IMG_20151009_165608.jpg,NA
362,lof/seller/IMG_20151009_165958.jpg,NA
363,lof/seller/IMG_20151009_170859.jpg,NA
364,lof/seller/IMG_20151009_171239.jpg,lof/seller/IMG_20151009_171239-364x648.jpg
365,lof/seller/IMG_20151009_171925.jpg,NA
366,lof/seller/IMG_20151009_172344.jpg,lof/seller/IMG_20151009_172344-364x648.jpg
367,lof/seller/IMG_20151009_172715.jpg,lof/seller/IMG_20151009_172715-364x648.jpg
368,lof/seller/IMG_20151009_173004.jpg,lof/seller/IMG_20151009_173004-364x648.jpg
369,lof/seller/IMG_20151009_173543.jpg,NA
370,lof/seller/IMG_20151009_173933.jpg,lof/seller/IMG_20151009_173933-364x648.jpg
371,lof/seller/IMG_20151009_174414.jpg,lof/seller/IMG_20151009_174414-364x648.jpg
372,lof/seller/IMG_20151009_180313.jpg,lof/seller/IMG_20151009_180313-364x648.jpg
373,lof/seller/IMG_20151009_180536.jpg,lof/seller/IMG_20151009_180536-364x648.jpg
374,lof/seller/IMG_20151009_181041.jpg,lof/seller/IMG_20151009_181041-364x648.jpg
375,lof/seller/IMG_20151009_181451.jpg,lof/seller/IMG_20151009_181451-364x648.jpg
377,lof/seller/IMG_20151010_110912.jpg,NA
378,lof/seller/IMG_20151010_112034.jpg,lof/seller/IMG_20151010_112034-364x648.jpg
379,lof/seller/IMG_20151010_145252.jpg,NA
380,lof/seller/IMG_20151010_145920.jpg,NA
381,lof/seller/IMG_20151010_150343.jpg,lof/seller/IMG_20151010_150343-364x648.jpg
382,lof/seller/IMG_20151010_150254.jpg,NA
383,lof/seller/IMG_20151010_152002.jpg,NA
384,lof/seller/IMG_20151010_152546.jpg,NA
385,lof/seller/IMG_20151010_153446.jpg,NA
386,lof/seller/IMG_20151010_154303.jpg,lof/seller/IMG_20151010_154303-480x640.jpg
387,lof/seller/IMG_20151010_154808.jpg,lof/seller/IMG_20151010_154808-480x640.jpg
388,lof/seller/IMG_20151010_155307.jpg,lof/seller/IMG_20151010_155307-480x640.jpg
389,lof/seller/IMG_20151010_155715.jpg,lof/seller/IMG_20151010_155715-480x640.jpg
390,lof/seller/IMG_20151010_160047.jpg,lof/seller/IMG_20151010_160047-480x640.jpg
391,lof/seller/IMG_20151010_160526.jpg,lof/seller/IMG_20151010_160526-480x640.jpg
392,lof/seller/IMG_20151010_161007.jpg,lof/seller/IMG_20151010_161007-480x640.jpg
393,lof/seller/IMG_20151010_161455.jpg,lof/seller/IMG_20151010_161455-480x640.jpg
394,lof/seller/IMG_20151010_161926.jpg,lof/seller/IMG_20151010_161926-480x640.jpg
395,lof/seller/IMG_20151010_162551.jpg,lof/seller/IMG_20151010_162551-480x640.jpg
396,lof/seller/IMG_20151010_162913.jpg,lof/seller/IMG_20151010_162913-480x640.jpg
397,lof/seller/IMG_20151010_163546.jpg,lof/seller/IMG_20151010_163546-480x640.jpg
398,lof/seller/IMG_20151010_164057.jpg,lof/seller/IMG_20151010_164057-480x640.jpg
399,lof/seller/IMG_20151010_164734.jpg,lof/seller/IMG_20151010_164734-480x640.jpg
400,lof/seller/IMG_20151010_165404.jpg,lof/seller/IMG_20151010_165404-480x640.jpg
401,lof/seller/IMG_20151010_165720.jpg,lof/seller/IMG_20151010_165720-480x640.jpg
402,lof/seller/IMG_20151010_170204.jpg,lof/seller/IMG_20151010_170204-480x640.jpg
403,lof/seller/IMG_20151010_170659.jpg,lof/seller/IMG_20151010_170659-480x640.jpg
404,lof/seller/IMG_20151010_171213.jpg,lof/seller/IMG_20151010_171213-480x640.jpg
405,lof/seller/IMG_20151010_172318.jpg,lof/seller/IMG_20151010_172318-480x640.jpg
406,lof/seller/IMG_20151010_173021.jpg,lof/seller/IMG_20151010_173021-480x640.jpg
407,lof/seller/IMG_20151010_173751.jpg,lof/seller/IMG_20151010_173751-480x640.jpg
408,lof/seller/IMG_20151010_174029.jpg,lof/seller/IMG_20151010_174029-480x640.jpg
409,lof/seller/IMG_20151010_175411.jpg,lof/seller/IMG_20151010_175411-364x648.jpg
410,lof/seller/IMG_20151012_112934.jpg,lof/seller/IMG_20151012_112934-364x648.jpg
411,lof/seller/IMG_20151012_121415.jpg,lof/seller/IMG_20151012_121415-364x648.jpg
412,lof/seller/IMG_20151012_122201.jpg,lof/seller/IMG_20151012_122201-364x648.jpg
413,lof/seller/IMG_20151012_122943.jpg,NA
414,lof/seller/IMG_20151012_123531.jpg,NA
415,lof/seller/IMG_20151012_124018.jpg,lof/seller/IMG_20151012_124018-480x854.jpg
416,lof/seller/IMG_20151012_124420.jpg,lof/seller/IMG_20151012_124420-364x648.jpg
417,lof/seller/IMG_20151012_125209.jpg,NA
418,lof/seller/IMG_20151012_125913.jpg,lof/seller/IMG_20151012_125913-480x640.jpg
419,lof/seller/IMG_20151012_125850.jpg,lof/seller/IMG_20151012_125850-364x648.jpg
420,lof/seller/IMG_20151012_130146.jpg,NA
421,lof/seller/IMG_20151012_130314.jpg,NA
422,lof/seller/IMG_20151012_130527.jpg,lof/seller/IMG_20151012_130527-480x640.jpg
423,lof/seller/IMG_20151012_131115.jpg,lof/seller/IMG_20151012_131115-364x648.jpg
424,lof/seller/IMG_20151012_131959.jpg,lof/seller/IMG_20151012_131959-364x648.jpg
425,lof/seller/IMG_20151012_132704.jpg,lof/seller/IMG_20151012_132704-480x854.jpg
426,lof/seller/IMG_20151012_133546.jpg,lof/seller/IMG_20151012_133546-364x648.jpg
427,lof/seller/IMG_20151012_134233.jpg,NA
428,lof/seller/IMG_20151012_134813.jpg,NA
429,lof/seller/IMG_20151012_135050.jpg,NA
430,lof/seller/IMG_20151012_161417.jpg,lof/seller/IMG_20151012_161417-364x648.jpg
431,lof/seller/IMG_20151012_161740.jpg,lof/seller/IMG_20151012_161740-364x648.jpg
432,lof/seller/IMG_20151012_162125.jpg,lof/seller/IMG_20151012_162125-364x648.jpg
433,lof/seller/IMG_20151012_162420.jpg,NA
434,lof/seller/IMG_20151012_162635.jpg,lof/seller/IMG_20151012_162635-364x648.jpg
435,lof/seller/IMG_20151012_163408.jpg,lof/seller/IMG_20151012_163408-364x648.jpg
436,lof/seller/IMG_20151012_165253.jpg,lof/seller/IMG_20151012_165253-480x640.jpg
437,lof/seller/IMG_20151012_170258.jpg,NA
438,lof/seller/IMG_20151012_165802.jpg,lof/seller/IMG_20151012_165802-480x640.jpg
439,lof/seller/IMG_20151012_170656.jpg,NA
440,lof/seller/IMG_20151012_170456.jpg,lof/seller/IMG_20151012_170456-480x640.jpg
441,lof/seller/IMG_20151012_171026.jpg,NA
442,lof/seller/IMG_20151012_170904.jpg,lof/seller/IMG_20151012_170904-480x640.jpg
443,lof/seller/IMG_20151012_171546.jpg,NA
444,lof/seller/IMG_20151012_171231.jpg,lof/seller/IMG_20151012_171231-480x640.jpg
445,lof/seller/IMG_20151012_172043.jpg,NA
446,lof/seller/IMG_20151012_171944.jpg,lof/seller/IMG_20151012_171944-480x640.jpg
447,lof/seller/IMG_20151012_172250.jpg,lof/seller/IMG_20151012_172250-480x640.jpg
448,lof/seller/IMG_20151012_172812.jpg,lof/seller/IMG_20151012_172812-364x648.jpg
449,lof/seller/IMG_20151012_173316.jpg,lof/seller/IMG_20151012_173316-364x648.jpg
450,lof/seller/IMG_20151012_172704.jpg,lof/seller/IMG_20151012_172704-480x640.jpg
451,lof/seller/IMG_20151012_173648.jpg,NA
452,lof/seller/IMG_20151012_173442.jpg,lof/seller/IMG_20151012_173442-480x640.jpg
453,lof/seller/IMG_20151012_174139.jpg,lof/seller/IMG_20151012_174139-480x640.jpg
454,lof/seller/IMG_20151012_174552.jpg,lof/seller/IMG_20151012_174552-480x640.jpg
455,lof/seller/IMG_20151012_174455.jpg,lof/seller/IMG_20151012_174455-480x640.jpg
456,lof/seller/IMG_20151012_174552.jpg,lof/seller/IMG_20151012_174552-480x640.jpg
457,lof/seller/IMG_20151012_175148.jpg,lof/seller/IMG_20151012_175148-364x648.jpg
458,lof/seller/IMG_20151012_175618.jpg,lof/seller/IMG_20151012_175618-480x640.jpg
459,lof/seller/IMG_20151012_181025.jpg,lof/seller/IMG_20151012_181025-480x640.jpg
460,lof/seller/IMG_20151012_181401.jpg,lof/seller/IMG_20151012_181401-480x640.jpg
461,lof/seller/IMG_20151012_182307.jpg,lof/seller/IMG_20151012_182307-480x640.jpg
462,lof/seller/IMG_20151013_103913.jpg,lof/seller/IMG_20151013_103913-600x800.jpg
463,lof/seller/IMG_20151013_105104.jpg,NA
464,lof/seller/IMG_20151013_110032.jpg,lof/seller/IMG_20151013_110032-480x640.jpg
465,lof/seller/IMG_20151013_111227.jpg,NA
466,lof/seller/IMG_20151013_112722.jpg,lof/seller/IMG_20151013_112722-600x800.jpg
468,lof/seller/IMG_20151013_113405.jpg,NA
469,lof/seller/IMG_20151013_114234.jpg,NA
470,lof/seller/IMG_20151013_114630.jpg,lof/seller/IMG_20151013_114630-600x800.jpg
471,lof/seller/IMG_20151013_115752.jpg,lof/seller/IMG_20151013_115752-612x816.jpg
472,lof/seller/IMG_20151013_115950.jpg,NA
473,lof/seller/IMG_20151013_120931.jpg,lof/seller/IMG_20151013_120931-480x640.jpg
474,lof/seller/IMG_20151013_120954.jpg,NA
475,lof/seller/IMG_20151013_121838.jpg,lof/seller/IMG_20151013_121838-364x485.jpg
476,lof/seller/IMG_20151013_122505.jpg,NA
477,lof/seller/IMG_20151013_122212.jpg,lof/seller/IMG_20151013_122212-600x800.jpg
478,lof/seller/IMG_20151013_124915.jpg,NA
479,lof/seller/IMG_20151013_125625.jpg,NA
480,lof/seller/IMG_20151013_130329.jpg,NA
481,lof/seller/IMG_20151013_130305.jpg,lof/seller/IMG_20151013_130305-600x800.jpg
482,lof/seller/IMG_20151013_131057.jpg,lof/seller/IMG_20151013_131057-480x640.jpg
484,lof/seller/IMG_20151013_132657.jpg,lof/seller/IMG_20151013_132657-612x816.jpg
485,lof/seller/IMG_20151013_132523.jpg,NA
487,lof/seller/IMG_20151013_133956.jpg,lof/seller/IMG_20151013_133956-600x800.jpg
489,lof/seller/IMG_20151013_135135.jpg,lof/seller/IMG_20151013_135135-612x816.jpg
490,lof/seller/IMG_20151013_140336.jpg,lof/seller/IMG_20151013_140336-612x816.jpg
491,lof/seller/IMG_20151013_141147.jpg,lof/seller/IMG_20151013_141147-364x485.jpg
492,lof/seller/IMG_20151013_141728.jpg,lof/seller/IMG_20151013_141728-480x640.jpg
493,lof/seller/IMG_20151013_141552.jpg,lof/seller/IMG_20151013_141552-480x640.jpg
494,lof/seller/IMG_20151013_143121.jpg,lof/seller/IMG_20151013_143121-600x800.jpg
495,lof/seller/IMG_20151013_150218.jpg,lof/seller/IMG_20151013_150218-612x816.jpg
496,lof/seller/IMG_20151013_150255.jpg,lof/seller/IMG_20151013_150255-612x816.jpg
497,lof/seller/IMG_20151013_151617.jpg,lof/seller/IMG_20151013_151617-612x816.jpg
498,lof/seller/IMG_20151013_152159.jpg,lof/seller/IMG_20151013_152159-612x816.jpg
499,lof/seller/IMG_20151013_153611.jpg,lof/seller/IMG_20151013_153611-612x816.jpg
500,lof/seller/IMG_20151013_154745.jpg,lof/seller/IMG_20151013_154745-600x800.jpg
501,lof/seller/IMG_20151013_155156.jpg,lof/seller/IMG_20151013_155156-600x800.jpg
502,lof/seller/IMG_20151013_154909.jpg,lof/seller/IMG_20151013_154909-600x800.jpg
503,lof/seller/IMG_20151013_161821.jpg,lof/seller/IMG_20151013_161821-600x800.jpg
504,lof/seller/IMG_20151013_162427.jpg,lof/seller/IMG_20151013_162427-480x640.jpg
507,lof/seller/IMG_20151015_100135.jpg,lof/seller/IMG_20151015_100135-364x485.jpg
508,lof/seller/IMG_20151015_100239.jpg,NA
509,lof/seller/IMG_20151015_100836.jpg,lof/seller/IMG_20151015_100836-612x816.jpg
510,lof/seller/IMG_20151015_101122.jpg,lof/seller/IMG_20151015_101122-364x485.jpg
511,lof/seller/IMG_20151015_102404.jpg,lof/seller/IMG_20151015_102404-600x800.jpg
512,lof/seller/IMG_20151015_103257.jpg,lof/seller/IMG_20151015_103257-600x800.jpg
513,lof/seller/IMG_20151015_103301.jpg,NA
514,lof/seller/IMG_20151015_104034.jpg,lof/seller/IMG_20151015_104034-612x816.jpg
515,lof/seller/IMG_20151015_104323.jpg,lof/seller/IMG_20151015_104323-364x485.jpg
516,lof/seller/IMG_20151015_104945.jpg,lof/seller/IMG_20151015_104945-612x816.jpg
517,lof/seller/IMG_20151015_105525.jpg,lof/seller/IMG_20151015_105525-600x800.jpg
518,lof/seller/IMG_20151015_105953.jpg,lof/seller/IMG_20151015_105953-480x640.jpg
519,lof/seller/IMG_20151015_110458.jpg,lof/seller/IMG_20151015_110458-600x800.jpg
520,lof/seller/IMG_20151015_111209.jpg,lof/seller/IMG_20151015_111209-364x648.jpg
521,lof/seller/IMG_20151015_111739.jpg,lof/seller/IMG_20151015_111739-480x640.jpg
522,lof/seller/IMG_20151015_112501.jpg,lof/seller/IMG_20151015_112501-364x648.jpg
523,lof/seller/IMG_20151015_113044.jpg,lof/seller/IMG_20151015_113044-364x648.jpg
524,lof/seller/IMG_20151015_112900.jpg,lof/seller/IMG_20151015_112900-364x485.jpg
525,lof/seller/IMG_20151015_113355.jpg,lof/seller/IMG_20151015_113355-480x854.jpg
526,lof/seller/IMG_20151015_113931.jpg,NA
527,lof/seller/IMG_20151015_114300.jpg,lof/seller/IMG_20151015_114300-364x485.jpg
528,lof/seller/IMG_20151015_114348.jpg,lof/seller/IMG_20151015_114348-364x648.jpg
529,lof/seller/IMG_20151015_114616.jpg,lof/seller/IMG_20151015_114616-364x485.jpg
530,lof/seller/IMG_20151015_114739.jpg,lof/seller/IMG_20151015_114739-600x800.jpg
531,lof/seller/IMG_20151015_114823.jpg,lof/seller/IMG_20151015_114823-364x648.jpg
532,lof/seller/IMG_20151015_115313.jpg,NA
533,lof/seller/IMG_20151015_115300.jpg,NA
534,lof/seller/IMG_20151015_115849.jpg,lof/seller/IMG_20151015_115849-364x648.jpg
535,lof/seller/IMG_20151015_120104.jpg,lof/seller/IMG_20151015_120104-480x640.jpg
536,lof/seller/IMG_20151015_120810.jpg,lof/seller/IMG_20151015_120810-480x640.jpg
537,lof/seller/IMG_20151015_120956.jpg,lof/seller/IMG_20151015_120956-600x800.jpg
538,lof/seller/IMG_20151015_121322.jpg,lof/seller/IMG_20151015_121322-600x800.jpg
539,lof/seller/IMG_20151015_121734.jpg,lof/seller/IMG_20151015_121734-600x800.jpg
540,lof/seller/IMG_20151015_121745.jpg,lof/seller/IMG_20151015_121745-364x648.jpg
541,lof/seller/IMG_20151015_122230.jpg,lof/seller/IMG_20151015_122230-364x648.jpg
542,lof/seller/IMG_20151015_122242.jpg,lof/seller/IMG_20151015_122242-364x485.jpg
543,lof/seller/IMG_20151015_122732.jpg,lof/seller/IMG_20151015_122732-600x800.jpg
544,lof/seller/IMG_20151015_122542.jpg,NA
545,lof/seller/IMG_20151015_123131.jpg,lof/seller/IMG_20151015_123131-600x800.jpg
546,lof/seller/IMG_20151015_123231.jpg,lof/seller/IMG_20151015_123231-364x648.jpg
547,lof/seller/IMG_20151015_123803.jpg,lof/seller/IMG_20151015_123803-600x800.jpg
548,lof/seller/IMG_20151015_123759.jpg,lof/seller/IMG_20151015_123759-364x648.jpg
549,lof/seller/IMG_20151015_124045.jpg,lof/seller/IMG_20151015_124045-600x800.jpg
550,lof/seller/IMG_20151015_124325.jpg,lof/seller/IMG_20151015_124325-364x648.jpg
551,lof/seller/IMG_20151015_124341.jpg,NA
552,lof/seller/IMG_20151015_124515.jpg,lof/seller/IMG_20151015_124515-364x648.jpg
553,lof/seller/IMG_20151015_124720.jpg,lof/seller/IMG_20151015_124720-612x816.jpg
554,lof/seller/IMG_20151015_124919.jpg,lof/seller/IMG_20151015_124919-364x648.jpg
555,lof/seller/IMG_20151015_125247.jpg,lof/seller/IMG_20151015_125247-612x816.jpg
556,lof/seller/IMG_20151015_125507.jpg,lof/seller/IMG_20151015_125507-364x648.jpg
557,lof/seller/IMG_20151015_125257.jpg,lof/seller/IMG_20151015_125257-612x816.jpg
558,lof/seller/IMG_20151015_125928.jpg,NA
559,lof/seller/IMG_20151015_130119.jpg,NA
560,lof/seller/IMG_20151015_130210.jpg,lof/seller/IMG_20151015_130210-600x800.jpg
561,lof/seller/IMG_20151015_130304.jpg,NA
562,lof/seller/IMG_20151015_130724.jpg,lof/seller/IMG_20151015_130724-600x800.jpg
563,lof/seller/IMG_20151015_131025.jpg,lof/seller/IMG_20151015_131025-364x485.jpg
564,lof/seller/IMG_20151015_131216.jpg,lof/seller/IMG_20151015_131216-600x800.jpg
565,lof/seller/IMG_20151015_130833.jpg,lof/seller/IMG_20151015_130833-364x648.jpg
566,lof/seller/IMG_20151015_131444.jpg,lof/seller/IMG_20151015_131444-364x485.jpg
567,lof/seller/IMG_20151015_131628.jpg,lof/seller/IMG_20151015_131628-600x800.jpg
568,lof/seller/IMG_20151015_131753.jpg,lof/seller/IMG_20151015_131753-364x648.jpg
569,lof/seller/IMG_20151015_131651.jpg,lof/seller/IMG_20151015_131651-600x800.jpg
570,lof/seller/IMG_20151015_132212.jpg,lof/seller/IMG_20151015_132212-364x648.jpg
571,lof/seller/IMG_20151015_132303.jpg,lof/seller/IMG_20151015_132303-480x640.jpg
572,lof/seller/IMG_20151015_132432.jpg,lof/seller/IMG_20151015_132432-612x816.jpg
573,lof/seller/IMG_20151015_132646.jpg,lof/seller/IMG_20151015_132646-612x816.jpg
574,lof/seller/IMG_20151015_132512.jpg,lof/seller/IMG_20151015_132512-364x648.jpg
575,lof/seller/IMG_20151015_133056.jpg,lof/seller/IMG_20151015_133056-612x816.jpg
576,lof/seller/IMG_20151015_133747.jpg,lof/seller/IMG_20151015_133747-480x640.jpg
577,lof/seller/IMG_20151015_134219.jpg,lof/seller/IMG_20151015_134219-364x485.jpg
578,lof/seller/IMG_20151015_134500.jpg,lof/seller/IMG_20151015_134500-480x640.jpg
579,lof/seller/IMG_20151015_135452.jpg,lof/seller/IMG_20151015_135452-480x640.jpg
580,lof/seller/IMG_20151015_135846.jpg,lof/seller/IMG_20151015_135846-612x816.jpg
581,lof/seller/IMG_20151015_140406.jpg,lof/seller/IMG_20151015_140406-480x640.jpg
582,lof/seller/IMG_20151015_140936.jpg,lof/seller/IMG_20151015_140936-364x485.jpg
583,lof/seller/IMG_20151015_140901.jpg,lof/seller/IMG_20151015_140901-600x800.jpg
584,lof/seller/IMG_20151015_141313.jpg,lof/seller/IMG_20151015_141313-480x640.jpg
585,lof/seller/IMG_20151015_141646.jpg,NA
586,lof/seller/IMG_20151015_142948.jpg,lof/seller/IMG_20151015_142948-612x816.jpg
587,lof/seller/IMG_20151015_143209.jpg,lof/seller/IMG_20151015_143209-612x816.jpg
588,lof/seller/IMG_20151015_143329.jpg,lof/seller/IMG_20151015_143329-480x640.jpg
589,lof/seller/IMG_20151015_143837.jpg,lof/seller/IMG_20151015_143837-600x800.jpg
590,lof/seller/IMG_20151015_144244.jpg,NA
591,lof/seller/IMG_20151015_144617.jpg,NA
592,lof/seller/IMG_20151015_144848.jpg,lof/seller/IMG_20151015_144848-600x800.jpg
593,lof/seller/IMG_20151015_145513.jpg,lof/seller/IMG_20151015_145513-612x816.jpg
594,lof/seller/IMG_20151015_150234.jpg,lof/seller/IMG_20151015_150234-480x640.jpg
595,lof/seller/IMG_20151015_150519.jpg,lof/seller/IMG_20151015_150519-612x816.jpg
596,lof/seller/IMG_20151015_150905.jpg,lof/seller/IMG_20151015_150905-480x640.jpg
597,lof/seller/IMG_20151015_151706.jpg,lof/seller/IMG_20151015_151706-480x640.jpg
598,lof/seller/IMG_20151015_152044.jpg,lof/seller/IMG_20151015_152044-600x800.jpg
599,lof/seller/IMG_20151015_152555.jpg,lof/seller/IMG_20151015_152555-480x640.jpg
600,lof/seller/IMG_20151015_152511.jpg,lof/seller/IMG_20151015_152511-480x640.jpg
601,lof/seller/IMG_20151015_153453.jpg,lof/seller/IMG_20151015_153453-600x800.jpg
602,lof/seller/IMG_20151015_154555.jpg,lof/seller/IMG_20151015_154555-612x816.jpg
603,lof/seller/IMG_20151015_154621.jpg,NA
604,lof/seller/IMG_20151015_154936.jpg,lof/seller/IMG_20151015_154936-480x640.jpg
605,lof/seller/IMG_20151015_155206.jpg,lof/seller/IMG_20151015_155206-364x485.jpg
606,lof/seller/IMG_20151015_155425.jpg,lof/seller/IMG_20151015_155425-480x640.jpg
607,lof/seller/IMG_20151015_155642.jpg,lof/seller/IMG_20151015_155642-612x816.jpg
608,lof/seller/IMG_20151015_155641.jpg,NA
609,lof/seller/IMG_20151015_155543.jpg,lof/seller/IMG_20151015_155543-480x640.jpg
610,lof/seller/IMG_20151015_155910.jpg,lof/seller/IMG_20151015_155910-480x640.jpg
611,lof/seller/IMG_20151015_160059.jpg,lof/seller/IMG_20151015_160059-612x816.jpg
612,lof/seller/IMG_20151015_155936.jpg,lof/seller/IMG_20151015_155936-364x485.jpg
613,lof/seller/IMG_20151015_160141.jpg,NA
614,lof/seller/IMG_20151015_160424.jpg,lof/seller/IMG_20151015_160424-600x800.jpg
615,lof/seller/IMG_20151015_160338.jpg,lof/seller/IMG_20151015_160338-480x640.jpg
616,lof/seller/IMG_20151015_160515.jpg,lof/seller/IMG_20151015_160515-364x648.jpg
617,lof/seller/IMG_20151015_160920.jpg,lof/seller/IMG_20151015_160920-364x648.jpg
618,lof/seller/IMG_20151015_161023.jpg,lof/seller/IMG_20151015_161023-364x485.jpg
619,lof/seller/IMG_20151015_161242.jpg,NA
620,lof/seller/IMG_20151015_162116.jpg,NA
621,lof/seller/IMG_20151015_161937.jpg,lof/seller/IMG_20151015_161937-480x640.jpg
622,lof/seller/IMG_20151015_162614.jpg,lof/seller/IMG_20151015_162614-364x648.jpg
623,lof/seller/IMG_20151015_162854.jpg,lof/seller/IMG_20151015_162854-364x648.jpg
624,lof/seller/IMG_20151015_163411.jpg,lof/seller/IMG_20151015_163411-364x648.jpg
625,lof/seller/IMG_20151015_163827.jpg,NA
626,lof/seller/IMG_20151015_163909.jpg,lof/seller/IMG_20151015_163909-480x640.jpg
627,lof/seller/IMG_20151015_164334.jpg,lof/seller/IMG_20151015_164334-364x648.jpg
628,lof/seller/IMG_20151015_164534.jpg,lof/seller/IMG_20151015_164534-480x640.jpg
629,lof/seller/IMG_20151015_164731.jpg,lof/seller/IMG_20151015_164731-364x648.jpg
630,lof/seller/IMG_20151015_165908.jpg,NA
631,lof/seller/IMG_20151015_171426.jpg,lof/seller/IMG_20151015_171426-480x640.jpg
632,lof/seller/IMG_20151015_171927.jpg,NA
633,lof/seller/IMG_20151015_173445.jpg,lof/seller/IMG_20151015_173445-480x640.jpg
634,lof/seller/IMG_20151015_174517.jpg,lof/seller/IMG_20151015_174517-480x640.jpg
635,lof/seller/IMG_20151015_174746.jpg,lof/seller/IMG_20151015_174746-480x640.jpg
636,lof/seller/IMG_20151016_102748.jpg,lof/seller/IMG_20151016_102748-480x640.jpg
637,lof/seller/IMG_20151016_104631.jpg,lof/seller/IMG_20151016_104631-600x800.jpg
638,lof/seller/IMG_20151016_110023.jpg,lof/seller/IMG_20151016_110023-364x648.jpg
639,lof/seller/IMG_20151016_112046.jpg,lof/seller/IMG_20151016_112046-600x800.jpg
640,lof/seller/IMG_20151016_111743.jpg,lof/seller/IMG_20151016_111743-480x640.jpg
641,lof/seller/IMG_20151016_112407.jpg,lof/seller/IMG_20151016_112407-480x640.jpg
642,lof/seller/IMG_20151016_112754.jpg,lof/seller/IMG_20151016_112754-600x800.jpg
643,lof/seller/IMG_20151016_113004.jpg,lof/seller/IMG_20151016_113004-600x800.jpg
644,lof/seller/IMG_20151016_113007.jpg,lof/seller/IMG_20151016_113007-364x648.jpg
645,lof/seller/IMG_20151016_113454.jpg,lof/seller/IMG_20151016_113454-600x800.jpg
646,lof/seller/IMG_20151016_113844.jpg,lof/seller/IMG_20151016_113844-364x648.jpg
647,lof/seller/IMG_20151016_114031.jpg,NA
648,lof/seller/IMG_20151016_114252.jpg,lof/seller/IMG_20151016_114252-600x800.jpg
649,lof/seller/IMG_20151016_114538.jpg,lof/seller/IMG_20151016_114538-364x648.jpg
650,lof/seller/IMG_20151016_114954.jpg,NA
651,lof/seller/IMG_20151016_115119.jpg,lof/seller/IMG_20151016_115119-364x648.jpg
652,lof/seller/IMG_20151016_120016.jpg,lof/seller/IMG_20151016_120016-364x648.jpg
653,lof/seller/IMG_20151016_115908.jpg,lof/seller/IMG_20151016_115908-600x800.jpg
654,lof/seller/IMG_20151016_115557.jpg,NA
656,lof/seller/IMG_20151016_120432.jpg,lof/seller/IMG_20151016_120432-364x485.jpg
657,lof/seller/IMG_20151016_120935.jpg,lof/seller/IMG_20151016_120935-364x648.jpg
658,lof/seller/IMG_20151016_120942.jpg,lof/seller/IMG_20151016_120942-480x640.jpg
659,lof/seller/IMG_20151016_121404.jpg,lof/seller/IMG_20151016_121404-600x800.jpg
660,lof/seller/IMG_20151016_121634.jpg,NA
661,lof/seller/IMG_20151016_121943.jpg,lof/seller/IMG_20151016_121943-364x648.jpg
662,lof/seller/IMG_20151016_122451.jpg,NA
663,lof/seller/IMG_20151016_122236.jpg,NA
664,lof/seller/IMG_20151016_123217.jpg,lof/seller/IMG_20151016_123217-600x800.jpg
665,lof/seller/IMG_20151016_123715.jpg,NA
666,lof/seller/IMG_20151016_124153.jpg,NA
667,lof/seller/IMG_20151016_124242.jpg,NA
668,lof/seller/IMG_20151016_125051.jpg,lof/seller/IMG_20151016_125051-480x640.jpg
669,lof/seller/IMG_20151016_125215.jpg,lof/seller/IMG_20151016_125215-612x816.jpg
670,lof/seller/IMG_20151016_125304.jpg,lof/seller/IMG_20151016_125304-600x800.jpg
671,lof/seller/IMG_20151016_125828.jpg,lof/seller/IMG_20151016_125828-600x800.jpg
672,lof/seller/IMG_20151016_130012.jpg,lof/seller/IMG_20151016_130012-364x648.jpg
673,lof/seller/IMG_20151016_130153.jpg,lof/seller/IMG_20151016_130153-364x648.jpg
674,lof/seller/IMG_20151016_131149.jpg,NA
675,lof/seller/IMG_20151016_132813.jpg,lof/seller/IMG_20151016_132813-364x485.jpg
676,lof/seller/IMG_20151016_132903.jpg,NA
677,lof/seller/IMG_20151016_132801.jpg,lof/seller/IMG_20151016_132801-600x800.jpg
678,lof/seller/IMG_20151016_133237.jpg,lof/seller/IMG_20151016_133237-364x648.jpg
679,lof/seller/IMG_20151016_133334.jpg,lof/seller/IMG_20151016_133334-480x360.jpg
680,lof/seller/IMG_20151016_133608.jpg,NA
682,lof/seller/IMG_20151016_134141.jpg,lof/seller/IMG_20151016_134141-600x800.jpg
683,lof/seller/IMG_20151016_134359.jpg,NA
684,lof/seller/IMG_20151016_134657.jpg,lof/seller/IMG_20151016_134657-600x800.jpg
685,lof/seller/IMG_20151016_135115.jpg,lof/seller/IMG_20151016_135115-364x648.jpg
686,lof/seller/IMG_20151016_135152.jpg,lof/seller/IMG_20151016_135152-600x800.jpg
687,lof/seller/IMG_20151016_135519.jpg,lof/seller/IMG_20151016_135519-600x800.jpg
688,lof/seller/IMG_20151016_140016.jpg,lof/seller/IMG_20151016_140016-364x648.jpg
689,lof/seller/IMG_20151016_140403.jpg,NA
690,lof/seller/IMG_20151016_140905.jpg,NA
691,lof/seller/IMG_20151016_141410.jpg,lof/seller/IMG_20151016_141410-612x816.jpg
692,lof/seller/IMG_20151016_143639.jpg,lof/seller/IMG_20151016_143639-600x800.jpg
693,lof/seller/IMG_20151016_143458.jpg,NA
694,lof/seller/IMG_20151016_144644.jpg,lof/seller/IMG_20151016_144644-480x640.jpg
695,lof/seller/IMG_20151016_145722.jpg,lof/seller/IMG_20151016_145722-600x800.jpg
696,lof/seller/IMG_20151016_145253.jpg,lof/seller/IMG_20151016_145253-612x816.jpg
697,lof/seller/IMG_20151016_150057.jpg,lof/seller/IMG_20151016_150057-600x800.jpg
698,lof/seller/IMG_20151016_152525.jpg,NA
699,lof/seller/IMG_20151016_153445.jpg,lof/seller/IMG_20151016_153445-600x800.jpg
700,lof/seller/IMG_20151016_154217.jpg,lof/seller/IMG_20151016_154217-364x648.jpg
701,lof/seller/IMG_20151016_154421.jpg,lof/seller/IMG_20151016_154421-600x800.jpg
702,lof/seller/IMG_20151016_162820.jpg,lof/seller/IMG_20151016_162820-364x648.jpg
703,lof/seller/IMG_20151016_163759.jpg,lof/seller/IMG_20151016_163759-364x648.jpg
704,lof/seller/IMG_20151016_164037.jpg,lof/seller/IMG_20151016_164037-364x648.jpg
705,lof/seller/IMG_20151016_165746.jpg,lof/seller/IMG_20151016_165746-364x648.jpg
706,lof/seller/IMG_20151016_170317.jpg,lof/seller/IMG_20151016_170317-364x648.jpg
707,lof/seller/IMG_20151016_170710.jpg,lof/seller/IMG_20151016_170710-364x648.jpg
708,lof/seller/IMG_20151016_171455.jpg,lof/seller/IMG_20151016_171455-364x648.jpg
709,lof/seller/IMG_20151016_171740.jpg,lof/seller/IMG_20151016_171740-364x648.jpg
710,lof/seller/IMG_20151016_172118.jpg,lof/seller/IMG_20151016_172118-364x648.jpg
711,lof/seller/IMG_20151016_172458.jpg,lof/seller/IMG_20151016_172458-364x648.jpg
712,lof/seller/IMG_20151017_095544.jpg,lof/seller/IMG_20151017_095544-612x816.jpg
713,lof/seller/IMG_20151017_101002.jpg,lof/seller/IMG_20151017_101002-612x816.jpg
714,lof/seller/IMG_20151017_100929.jpg,lof/seller/IMG_20151017_100929-612x816.jpg
715,lof/seller/IMG_20151017_101255.jpg,lof/seller/IMG_20151017_101255-612x816.jpg
716,lof/seller/IMG_20151017_102000.jpg,lof/seller/IMG_20151017_102000-364x485.jpg
717,lof/seller/IMG_20151017_102032.jpg,lof/seller/IMG_20151017_102032-800x600.jpg
718,lof/seller/IMG_20151017_102738.jpg,lof/seller/IMG_20151017_102738-480x640.jpg
719,lof/seller/IMG_20151017_102753.jpg,lof/seller/IMG_20151017_102753-612x816.jpg
720,lof/seller/IMG_20151017_104314.jpg,lof/seller/IMG_20151017_104314-600x800.jpg
721,lof/seller/IMG_20151017_104308.jpg,lof/seller/IMG_20151017_104308-612x816.jpg
722,lof/seller/IMG_20151017_104943.jpg,lof/seller/IMG_20151017_104943-600x800.jpg
723,lof/seller/IMG_20151017_105045.jpg,lof/seller/IMG_20151017_105045-364x485.jpg
724,lof/seller/IMG_20151017_105950.jpg,lof/seller/IMG_20151017_105950-480x640.jpg
725,lof/seller/IMG_20151017_110231.jpg,lof/seller/IMG_20151017_110231-364x485.jpg
726,lof/seller/IMG_20151017_110632.jpg,lof/seller/IMG_20151017_110632-600x800.jpg
727,lof/seller/IMG_20151017_111105.jpg,lof/seller/IMG_20151017_111105-612x816.jpg
728,lof/seller/IMG_20151017_111843.jpg,lof/seller/IMG_20151017_111843-364x648.jpg
729,lof/seller/IMG_20151017_112354.jpg,lof/seller/IMG_20151017_112354-480x640.jpg
730,lof/seller/IMG_20151017_112534.jpg,lof/seller/IMG_20151017_112534-364x648.jpg
731,lof/seller/IMG_20151017_112606.jpg,lof/seller/IMG_20151017_112606-480x640.jpg
732,lof/seller/IMG_20151017_113017.jpg,lof/seller/IMG_20151017_113017-600x800.jpg
733,lof/seller/IMG_20151017_113026.jpg,lof/seller/IMG_20151017_113026-364x648.jpg
734,lof/seller/IMG_20151017_113234.jpg,lof/seller/IMG_20151017_113234-364x485.jpg
735,lof/seller/IMG_20151017_113603.jpg,lof/seller/IMG_20151017_113603-364x648.jpg
736,lof/seller/IMG_20151017_114443.jpg,lof/seller/IMG_20151017_114443-364x648.jpg
737,lof/seller/IMG_20151017_114736.jpg,NA
738,lof/seller/IMG_20151017_115205.jpg,lof/seller/IMG_20151017_115205-364x648.jpg
739,lof/seller/IMG_20151017_115806.jpg,NA
740,lof/seller/IMG_20151017_120218.jpg,NA
741,lof/seller/IMG_20151017_120926.jpg,lof/seller/IMG_20151017_120926-364x648.jpg
742,lof/seller/IMG_20151017_120834.jpg,NA
743,lof/seller/IMG_20151017_121800.jpg,NA
744,lof/seller/IMG_20151017_122115.jpg,NA
745,lof/seller/IMG_20151017_122535.jpg,lof/seller/IMG_20151017_122535-480x854.jpg
746,lof/seller/IMG_20151017_122718.jpg,lof/seller/IMG_20151017_122718-480x854.jpg
747,lof/seller/IMG_20151017_124214.jpg,lof/seller/IMG_20151017_124214-364x648.jpg
748,lof/seller/IMG_20151017_124516.jpg,NA
749,lof/seller/IMG_20151017_124848.jpg,NA
750,lof/seller/IMG_20151017_125704.jpg,lof/seller/IMG_20151017_125704-364x648.jpg
751,lof/seller/IMG_20151017_125909.jpg,lof/seller/IMG_20151017_125909-364x648.jpg
752,lof/seller/IMG_20151017_130803.jpg,lof/seller/IMG_20151017_130803-364x648.jpg
753,lof/seller/IMG_20151017_131158.jpg,NA
754,lof/seller/IMG_20151017_131604.jpg,lof/seller/IMG_20151017_131604-364x648.jpg
755,lof/seller/IMG_20151017_132012.jpg,lof/seller/IMG_20151017_132012-364x648.jpg
756,lof/seller/IMG_20151017_132430.jpg,NA
757,lof/seller/IMG_20151017_133637.jpg,NA
758,lof/seller/IMG_20151017_134106.jpg,lof/seller/IMG_20151017_134106-364x648.jpg
759,lof/seller/IMG_20151017_133926.jpg,lof/seller/IMG_20151017_133926-480x640.jpg
760,lof/seller/IMG_20151017_135022.jpg,lof/seller/IMG_20151017_135022-612x816.jpg
761,lof/seller/IMG_20151017_135512.jpg,lof/seller/IMG_20151017_135512-612x816.jpg
762,lof/seller/IMG_20151017_140158.jpg,lof/seller/IMG_20151017_140158-600x800.jpg
763,lof/seller/IMG_20151017_145540.jpg,lof/seller/IMG_20151017_145540-480x640.jpg
764,lof/seller/IMG_20151017_145528.jpg,lof/seller/IMG_20151017_145528-600x800.jpg
765,lof/seller/IMG_20151017_150038.jpg,lof/seller/IMG_20151017_150038-600x800.jpg
766,lof/seller/IMG_20151017_150533.jpg,lof/seller/IMG_20151017_150533-364x485.jpg
767,lof/seller/IMG_20151017_150536.jpg,lof/seller/IMG_20151017_150536-600x800.jpg
768,lof/seller/IMG_20151017_151119.jpg,lof/seller/IMG_20151017_151119-480x640.jpg
769,lof/seller/IMG_20151017_151739.jpg,lof/seller/IMG_20151017_151739-600x800.jpg
770,lof/seller/IMG_20151017_152508.jpg,lof/seller/IMG_20151017_152508-600x800.jpg
771,lof/seller/IMG_20151017_152824.jpg,lof/seller/IMG_20151017_152824-600x800.jpg
772,lof/seller/IMG_20151017_154658.jpg,lof/seller/IMG_20151017_154658-480x640.jpg
773,lof/seller/IMG_20151017_154737.jpg,lof/seller/IMG_20151017_154737-364x485.jpg
774,lof/seller/IMG_20151017_155109.jpg,NA
775,lof/seller/IMG_20151017_155403.jpg,lof/seller/IMG_20151017_155403-600x800.jpg
776,lof/seller/IMG_20151017_155539.jpg,lof/seller/IMG_20151017_155539-612x816.jpg
777,lof/seller/IMG_20151017_161037.jpg,NA
778,lof/seller/IMG_20151017_161728.jpg,lof/seller/IMG_20151017_161728-600x800.jpg
779,lof/seller/IMG_20151017_161917.jpg,lof/seller/IMG_20151017_161917-364x648.jpg
780,lof/seller/IMG_20151017_162431.jpg,NA
781,lof/seller/IMG_20151017_162805.jpg,lof/seller/IMG_20151017_162805-364x648.jpg
782,lof/seller/IMG_20151017_163755.jpg,NA
783,lof/seller/IMG_20151017_164253.jpg,NA
784,lof/seller/IMG_20151017_164553.jpg,lof/seller/IMG_20151017_164553-480x854.jpg
785,lof/seller/IMG_20151017_165113.jpg,NA
786,lof/seller/IMG_20151018_101925.jpg,lof/seller/IMG_20151018_101925-600x800.jpg
787,lof/seller/IMG_20151018_102400.jpg,lof/seller/IMG_20151018_102400-600x800.jpg
788,lof/seller/IMG_20151018_102354.jpg,NA
789,lof/seller/IMG_20151018_103336.jpg,lof/seller/IMG_20151018_103336-600x800.jpg
790,lof/seller/IMG_20151018_103910.jpg,lof/seller/IMG_20151018_103910-600x800.jpg
791,lof/seller/IMG_20151018_104219.jpg,lof/seller/IMG_20151018_104219-600x800.jpg
792,lof/seller/IMG_20151018_104547.jpg,lof/seller/IMG_20151018_104547-480x640.jpg
793,lof/seller/IMG_20151018_103945.jpg,NA
794,lof/seller/IMG_20151018_105043.jpg,NA
795,lof/seller/IMG_20151018_105543.jpg,lof/seller/IMG_20151018_105543-600x800.jpg
796,lof/seller/IMG_20151018_105813.jpg,lof/seller/IMG_20151018_105813-600x800.jpg
797,lof/seller/IMG_20151018_105924.jpg,lof/seller/IMG_20151018_105924-480x640.jpg
798,lof/seller/IMG_20151018_110226.jpg,lof/seller/IMG_20151018_110226-480x640.jpg
799,lof/seller/IMG_20151018_110643.jpg,lof/seller/IMG_20151018_110643-600x800.jpg
800,lof/seller/IMG_20151018_111058.jpg,lof/seller/IMG_20151018_111058-600x800.jpg
801,lof/seller/IMG_20151018_111508.jpg,lof/seller/IMG_20151018_111508-600x800.jpg
802,lof/seller/IMG_20151018_112024.jpg,lof/seller/IMG_20151018_112024-480x640.jpg
803,lof/seller/IMG_20151018_112228.jpg,lof/seller/IMG_20151018_112228-480x640.jpg
804,lof/seller/IMG_20151018_112604.jpg,lof/seller/IMG_20151018_112604-600x800.jpg
805,lof/seller/IMG_20151018_113230.jpg,lof/seller/IMG_20151018_113230-480x640.jpg
806,lof/seller/IMG_20151018_113356.jpg,lof/seller/IMG_20151018_113356-600x800.jpg
807,lof/seller/IMG_20151018_113352.jpg,lof/seller/IMG_20151018_113352-364x485.jpg
808,lof/seller/IMG_20151018_114141.jpg,lof/seller/IMG_20151018_114141-612x816.jpg
809,lof/seller/IMG_20151018_114641.jpg,lof/seller/IMG_20151018_114641-480x640.jpg
810,lof/seller/IMG_20151018_115023.jpg,lof/seller/IMG_20151018_115023-600x800.jpg
811,lof/seller/IMG_20151018_115625.jpg,lof/seller/IMG_20151018_115625-600x800.jpg
812,lof/seller/IMG_20151018_115444.jpg,lof/seller/IMG_20151018_115444-364x485.jpg
813,lof/seller/IMG_20151018_120144.jpg,lof/seller/IMG_20151018_120144-480x640.jpg
814,lof/seller/IMG_20151018_120627.jpg,lof/seller/IMG_20151018_120627-600x800.jpg
815,lof/seller/IMG_20151018_120938.jpg,lof/seller/IMG_20151018_120938-600x800.jpg
816,lof/seller/IMG_20151018_121917.jpg,lof/seller/IMG_20151018_121917-480x640.jpg
817,lof/seller/IMG_20151018_122326.jpg,lof/seller/IMG_20151018_122326-600x800.jpg
818,lof/seller/IMG_20151018_122750.jpg,lof/seller/IMG_20151018_122750-612x816.jpg
819,lof/seller/IMG_20151018_122835.jpg,NA
820,lof/seller/IMG_20151018_130713.jpg,lof/seller/IMG_20151018_130713-600x800.jpg
821,lof/seller/IMG_20151018_130044.jpg,lof/seller/IMG_20151018_130044-364x606.jpg
822,lof/seller/IMG_20151018_131813.jpg,lof/seller/IMG_20151018_131813-480x640.jpg
823,lof/seller/IMG_20151018_132441.jpg,lof/seller/IMG_20151018_132441-612x816.jpg
825,lof/seller/IMG_20151018_132717.jpg,lof/seller/IMG_20151018_132717-364x485.jpg
826,lof/seller/IMG_20151018_132306.jpg,NA
827,lof/seller/IMG_20151018_133236.jpg,lof/seller/IMG_20151018_133236-480x640.jpg
828,lof/seller/IMG_20151018_133154.jpg,lof/seller/IMG_20151018_133154-600x800.jpg
829,lof/seller/IMG_20151018_134114.jpg,NA
830,lof/seller/IMG_20151018_133731.jpg,NA
832,lof/seller/IMG_20151018_134815.jpg,lof/seller/IMG_20151018_134815-600x800.jpg
833,lof/seller/IMG_20151018_135506.jpg,lof/seller/IMG_20151018_135506-600x800.jpg
834,lof/seller/IMG_20151018_135001.jpg,NA
835,lof/seller/IMG_20151018_135752.jpg,lof/seller/IMG_20151018_135752-612x816.jpg
836,lof/seller/IMG_20151018_140033.jpg,lof/seller/IMG_20151018_140033-612x459.jpg
837,lof/seller/IMG_20151018_140646.jpg,NA
838,lof/seller/IMG_20151018_141313.jpg,lof/seller/IMG_20151018_141313-600x800.jpg
839,lof/seller/IMG_20151018_141625.jpg,lof/seller/IMG_20151018_141625-600x800.jpg
840,lof/seller/IMG_20151018_142204.jpg,lof/seller/IMG_20151018_142204-480x640.jpg
841,lof/seller/IMG_20151018_142823.jpg,lof/seller/IMG_20151018_142823-600x800.jpg
842,lof/seller/IMG_20151018_143146.jpg,lof/seller/IMG_20151018_143146-480x640.jpg
843,lof/seller/IMG_20151018_142212.jpg,NA
844,lof/seller/IMG_20151018_143654.jpg,lof/seller/IMG_20151018_143654-600x800.jpg
845,lof/seller/IMG_20151018_143140.jpg,lof/seller/IMG_20151018_143140-600x800.jpg
846,lof/seller/IMG_20151018_144215.jpg,lof/seller/IMG_20151018_144215-600x800.jpg
847,lof/seller/IMG_20151018_144722.jpg,lof/seller/IMG_20151018_144722-600x800.jpg
848,lof/seller/IMG_20151018_144428.jpg,NA
849,lof/seller/IMG_20151018_145115.jpg,lof/seller/IMG_20151018_145115-600x800.jpg
850,lof/seller/IMG_20151018_145813.jpg,lof/seller/IMG_20151018_145813-480x640.jpg
851,lof/seller/IMG_20151018_150126.jpg,lof/seller/IMG_20151018_150126-612x816.jpg
852,lof/seller/IMG_20151018_150459.jpg,lof/seller/IMG_20151018_150459-600x800.jpg
853,lof/seller/IMG_20151018_151425.jpg,NA
854,lof/seller/IMG_20151018_151524.jpg,lof/seller/IMG_20151018_151524-364x485.jpg
855,lof/seller/IMG_20151018_152101.jpg,lof/seller/IMG_20151018_152101-600x800.jpg
856,lof/seller/IMG_20151018_152708.jpg,lof/seller/IMG_20151018_152708-612x816.jpg
857,lof/seller/IMG_20151018_153323.jpg,lof/seller/IMG_20151018_153323-480x640.jpg
858,lof/seller/IMG_20151018_153532.jpg,lof/seller/IMG_20151018_153532-480x640.jpg
859,lof/seller/IMG_20151018_153816.jpg,lof/seller/IMG_20151018_153816-600x800.jpg
860,lof/seller/IMG_20151018_154458.jpg,lof/seller/IMG_20151018_154458-612x816.jpg
861,lof/seller/IMG_20151018_155339.jpg,lof/seller/IMG_20151018_155339-600x800.jpg
862,lof/seller/IMG_20151018_155618.jpg,lof/seller/IMG_20151018_155618-600x800.jpg
863,lof/seller/IMG_20151018_155904.jpg,lof/seller/IMG_20151018_155904-600x800.jpg
864,lof/seller/IMG_20151018_160402.jpg,lof/seller/IMG_20151018_160402-480x640.jpg
865,lof/seller/IMG_20151018_160909.jpg,lof/seller/IMG_20151018_160909-800x600.jpg
866,lof/seller/IMG_20151018_161211.jpg,lof/seller/IMG_20151018_161211-612x816.jpg
867,lof/seller/IMG_20151019_102456.jpg,NA
868,lof/seller/IMG_20151019_103124.jpg,NA
869,lof/seller/IMG_20151019_103159.jpg,lof/seller/IMG_20151019_103159-480x640.jpg
870,lof/seller/IMG_20151019_103759.jpg,lof/seller/IMG_20151019_103759-600x800.jpg
871,lof/seller/IMG_20151019_103843.jpg,lof/seller/IMG_20151019_103843-612x816.jpg
873,lof/seller/IMG_20151019_104127.jpg,NA
874,lof/seller/IMG_20151019_105422.jpg,NA
875,lof/seller/IMG_20151019_105451.jpg,NA
878,lof/seller/IMG_20151019_111024.jpg,NA
879,lof/seller/IMG_20151019_112111.jpg,lof/seller/IMG_20151019_112111-600x800.jpg
880,lof/seller/IMG_20151019_112942.jpg,lof/seller/IMG_20151019_112942-364x648.jpg
881,lof/seller/IMG_20151019_113459.jpg,NA
882,lof/seller/IMG_20151019_113406.jpg,NA
883,lof/seller/IMG_20151019_114544.jpg,lof/seller/IMG_20151019_114544-364x648.jpg
884,lof/seller/IMG_20151019_115052.jpg,NA
885,lof/seller/IMG_20151019_115256.jpg,NA
886,lof/seller/IMG_20151019_115701.jpg,lof/seller/IMG_20151019_115701-364x648.jpg
887,lof/seller/IMG_20151019_120433.jpg,lof/seller/IMG_20151019_120433-364x648.jpg
888,lof/seller/IMG_20151019_121019.jpg,NA
889,lof/seller/IMG_20151019_121300.jpg,lof/seller/IMG_20151019_121300-600x800.jpg
890,lof/seller/IMG_20151019_122055.jpg,lof/seller/IMG_20151019_122055-600x800.jpg
891,lof/seller/IMG_20151019_122442.jpg,lof/seller/IMG_20151019_122442-612x816.jpg
892,lof/seller/IMG_20151019_122703.jpg,lof/seller/IMG_20151019_122703-612x816.jpg
893,lof/seller/IMG_20151019_122623.jpg,NA
894,lof/seller/IMG_20151019_123324.jpg,lof/seller/IMG_20151019_123324-600x800.jpg
895,lof/seller/IMG_20151019_123350.jpg,NA
896,lof/seller/IMG_20151019_123640.jpg,lof/seller/IMG_20151019_123640-600x800.jpg
897,lof/seller/IMG_20151019_123737.jpg,NA
898,lof/seller/IMG_20151019_124137.jpg,lof/seller/IMG_20151019_124137-364x485.jpg
899,lof/seller/IMG_20151019_124323.jpg,lof/seller/IMG_20151019_124323-600x800.jpg
900,lof/seller/IMG_20151019_124341.jpg,lof/seller/IMG_20151019_124341-364x648.jpg
901,lof/seller/IMG_20151019_124749.jpg,lof/seller/IMG_20151019_124749-600x800.jpg
902,lof/seller/IMG_20151019_125111.jpg,lof/seller/IMG_20151019_125111-364x648.jpg
903,lof/seller/IMG_20151019_124546.jpg,NA
904,lof/seller/IMG_20151019_125219.jpg,lof/seller/IMG_20151019_125219-600x800.jpg
905,lof/seller/IMG_20151019_125529.jpg,lof/seller/IMG_20151019_125529-480x640.jpg
906,lof/seller/IMG_20151019_125827.jpg,NA
907,lof/seller/IMG_20151019_130014.jpg,NA
908,lof/seller/IMG_20151019_130240.jpg,lof/seller/IMG_20151019_130240-364x648.jpg
909,lof/seller/IMG_20151019_130821.jpg,lof/seller/IMG_20151019_130821-600x800.jpg
910,lof/seller/IMG_20151019_130731.jpg,lof/seller/IMG_20151019_130731-364x648.jpg
911,lof/seller/IMG_20151019_131039.jpg,NA
912,lof/seller/IMG_20151019_131535.jpg,lof/seller/IMG_20151019_131535-600x800.jpg
913,lof/seller/IMG_20151019_131509.jpg,NA
914,lof/seller/IMG_20151019_132527.jpg,lof/seller/IMG_20151019_132527-480x640.jpg
915,lof/seller/IMG_20151019_132907.jpg,lof/seller/IMG_20151019_132907-612x816.jpg
916,lof/seller/IMG_20151019_132911.jpg,NA
917,lof/seller/IMG_20151019_133257.jpg,lof/seller/IMG_20151019_133257-600x800.jpg
918,lof/seller/IMG_20151019_133455.jpg,lof/seller/IMG_20151019_133455-600x800.jpg
919,lof/seller/IMG_20151019_133511.jpg,lof/seller/IMG_20151019_133511-364x648.jpg
920,lof/seller/IMG_20151019_135145.jpg,lof/seller/IMG_20151019_135145-364x648.jpg
921,lof/seller/IMG_20151019_135023.jpg,lof/seller/IMG_20151019_135023-600x800.jpg
922,lof/seller/IMG_20151019_135414.jpg,lof/seller/IMG_20151019_135414-600x800.jpg
923,lof/seller/IMG_20151019_135607.jpg,lof/seller/IMG_20151019_135607-364x648.jpg
924,lof/seller/IMG_20151019_135922.jpg,lof/seller/IMG_20151019_135922-612x816.jpg
925,lof/seller/IMG_20151019_140344.jpg,lof/seller/IMG_20151019_140344-612x816.jpg
926,lof/seller/IMG_20151019_140805.jpg,lof/seller/IMG_20151019_140805-600x800.jpg
927,lof/seller/IMG_20151019_140916.jpg,lof/seller/IMG_20151019_140916-364x485.jpg
929,lof/seller/IMG_20151019_141838.jpg,lof/seller/IMG_20151019_141838-612x816.jpg
930,lof/seller/IMG_20151019_142041.jpg,lof/seller/IMG_20151019_142041-600x800.jpg
931,lof/seller/IMG_20151019_142312.jpg,lof/seller/IMG_20151019_142312-612x816.jpg
934,lof/seller/IMG_20151019_145216.jpg,lof/seller/IMG_20151019_145216-612x816.jpg
936,lof/seller/IMG_20151019_145925.jpg,lof/seller/IMG_20151019_145925-600x800.jpg
937,lof/seller/IMG_20151019_150347.jpg,lof/seller/IMG_20151019_150347-480x640.jpg
938,lof/seller/IMG_20151019_150400.jpg,lof/seller/IMG_20151019_150400-600x800.jpg
939,lof/seller/IMG_20151019_150733.jpg,NA
940,lof/seller/IMG_20151019_151253.jpg,lof/seller/IMG_20151019_151253-600x800.jpg
941,lof/seller/IMG_20151019_151701.jpg,lof/seller/IMG_20151019_151701-600x800.jpg
942,lof/seller/IMG_20151019_151830.jpg,NA
943,lof/seller/IMG_20151019_152445.jpg,lof/seller/IMG_20151019_152445-600x800.jpg
944,lof/seller/IMG_20151019_152940.jpg,lof/seller/IMG_20151019_152940-480x640.jpg
945,lof/seller/IMG_20151019_153028.jpg,lof/seller/IMG_20151019_153028-364x485.jpg
946,lof/seller/IMG_20151019_153511.jpg,lof/seller/IMG_20151019_153511-364x485.jpg
948,lof/seller/IMG_20151019_154154.jpg,lof/seller/IMG_20151019_154154-600x800.jpg
949,lof/seller/IMG_20151019_154457.jpg,lof/seller/IMG_20151019_154457-600x800.jpg
950,lof/seller/IMG_20151019_154807.jpg,lof/seller/IMG_20151019_154807-480x640.jpg
951,lof/seller/IMG_20151019_154817.jpg,lof/seller/IMG_20151019_154817-480x640.jpg
952,lof/seller/IMG_20151019_155240.jpg,lof/seller/IMG_20151019_155240-364x485.jpg
953,lof/seller/IMG_20151019_155818.jpg,lof/seller/IMG_20151019_155818-600x800.jpg
954,lof/seller/IMG_20151019_155811.jpg,lof/seller/IMG_20151019_155811-612x816.jpg
955,lof/seller/IMG_20151019_160212.jpg,lof/seller/IMG_20151019_160212-364x485.jpg
956,lof/seller/IMG_20151019_160848.jpg,lof/seller/IMG_20151019_160848-612x816.jpg
957,lof/seller/IMG_20151019_161007.jpg,NA
958,lof/seller/IMG_20151019_161554.jpg,lof/seller/IMG_20151019_161554-600x800.jpg
959,lof/seller/IMG_20151019_161925.jpg,lof/seller/IMG_20151019_161925-480x640.jpg
960,lof/seller/IMG_20151019_162229.jpg,lof/seller/IMG_20151019_162229-600x800.jpg
961,lof/seller/IMG_20151019_162602.jpg,NA
962,lof/seller/IMG_20151019_163203.jpg,lof/seller/IMG_20151019_163203-364x648.jpg
963,lof/seller/IMG_20151019_163502.jpg,NA
964,lof/seller/IMG_20151019_163852.jpg,NA
966,lof/seller/IMG_20151019_164853.jpg,NA
967,lof/seller/IMG_20151019_170048.jpg,NA
968,lof/seller/IMG_20151019_170557.jpg,NA
969,lof/seller/IMG_20151020_100233.jpg,lof/seller/IMG_20151020_100233-480x640.jpg
970,lof/seller/IMG_20151020_100812.jpg,lof/seller/IMG_20151020_100812-480x640.jpg
971,lof/seller/IMG_20151020_101306.jpg,lof/seller/IMG_20151020_101306-600x800.jpg
972,lof/seller/IMG_20151020_101338.jpg,lof/seller/IMG_20151020_101338-480x640.jpg
973,lof/seller/IMG_20151020_101715.jpg,lof/seller/IMG_20151020_101715-480x640.jpg
974,lof/seller/IMG_20151020_102528.jpg,lof/seller/IMG_20151020_102528-480x640.jpg
975,lof/seller/IMG_20151020_102329.jpg,NA
976,lof/seller/IMG_20151020_103806.jpg,lof/seller/IMG_20151020_103806-364x485.jpg
977,lof/seller/IMG_20151020_104453.jpg,lof/seller/IMG_20151020_104453-612x816.jpg
978,lof/seller/IMG_20151020_105424.jpg,lof/seller/IMG_20151020_105424-600x800.jpg
979,lof/seller/IMG_20151020_105534.jpg,lof/seller/IMG_20151020_105534-600x800.jpg
980,lof/seller/IMG_20151020_105923.jpg,lof/seller/IMG_20151020_105923-480x640.jpg
981,lof/seller/IMG_20151020_110132.jpg,lof/seller/IMG_20151020_110132-364x485.jpg
982,lof/seller/IMG_20151020_110322.jpg,lof/seller/IMG_20151020_110322-600x800.jpg
983,lof/seller/IMG_20151020_110647.jpg,lof/seller/IMG_20151020_110647-612x816.jpg
984,lof/seller/IMG_20151020_111113.jpg,lof/seller/IMG_20151020_111113-612x816.jpg
985,lof/seller/IMG_20151020_111214.jpg,lof/seller/IMG_20151020_111214-364x485.jpg
987,lof/seller/IMG_20151020_112605.jpg,NA
988,lof/seller/IMG_20151020_113159.jpg,NA
992,lof/seller/IMG_20151020_113243.jpg,lof/seller/IMG_20151020_113243-364x485.jpg
993,lof/seller/IMG_20151020_113816.jpg,lof/seller/IMG_20151020_113816-600x800.jpg
994,lof/seller/IMG_20151020_114432.jpg,NA
995,lof/seller/IMG_20151020_114353.jpg,lof/seller/IMG_20151020_114353-600x800.jpg
996,lof/seller/IMG_20151020_115100.jpg,lof/seller/IMG_20151020_115100-600x800.jpg
997,lof/seller/IMG_20151020_115738.jpg,NA
998,lof/seller/IMG_20151020_120652.jpg,lof/seller/IMG_20151020_120652-612x816.jpg
999,lof/seller/IMG_20151020_121409.jpg,NA
1000,lof/seller/IMG_20151020_121818.jpg,lof/seller/IMG_20151020_121818-364x485.jpg
1001,lof/seller/IMG_20151020_122349.jpg,lof/seller/IMG_20151020_122349-364x485.jpg
1002,lof/seller/IMG_20151020_122748.jpg,lof/seller/IMG_20151020_122748-364x485.jpg
1003,lof/seller/IMG_20151020_123122.jpg,lof/seller/IMG_20151020_123122-480x640.jpg
1004,lof/seller/IMG_20151020_123739.jpg,lof/seller/IMG_20151020_123739-600x800.jpg
1005,lof/seller/IMG_20151020_123836.jpg,lof/seller/IMG_20151020_123836-364x485.jpg
1007,lof/seller/IMG_20151020_124554.jpg,lof/seller/IMG_20151020_124554-600x800.jpg
1008,lof/seller/IMG_20151020_125020.jpg,lof/seller/IMG_20151020_125020-600x800.jpg
1009,lof/seller/IMG_20151020_125453.jpg,lof/seller/IMG_20151020_125453-600x800.jpg
1010,lof/seller/IMG_20151020_125930.jpg,NA
1011,lof/seller/IMG_20151020_130409.jpg,lof/seller/IMG_20151020_130409-612x816.jpg
1012,lof/seller/IMG_20151020_130952.jpg,NA
1013,lof/seller/IMG_20151020_131434.jpg,lof/seller/IMG_20151020_131434-600x800.jpg
1015,lof/seller/IMG_20151020_132027.jpg,lof/seller/IMG_20151020_132027-612x816.jpg
1016,lof/seller/IMG_20151020_132356.jpg,lof/seller/IMG_20151020_132356-600x800.jpg
1017,lof/seller/IMG_20151020_132447.jpg,lof/seller/IMG_20151020_132447-600x800.jpg
1018,lof/seller/IMG_20151020_132901.jpg,lof/seller/IMG_20151020_132901-600x800.jpg
1019,lof/seller/IMG_20151020_133540.jpg,lof/seller/IMG_20151020_133540-480x640.jpg
1020,lof/seller/IMG_20151020_134235.jpg,lof/seller/IMG_20151020_134235-364x485.jpg
1021,lof/seller/IMG_20151020_134428.jpg,lof/seller/IMG_20151020_134428-480x640.jpg
1022,lof/seller/IMG_20151020_134930.jpg,lof/seller/IMG_20151020_134930-364x485.jpg
1023,lof/seller/IMG_20151020_135736.jpg,lof/seller/IMG_20151020_135736-480x640.jpg
1024,lof/seller/IMG_20151020_135729.jpg,lof/seller/IMG_20151020_135729-364x485.jpg
1025,lof/seller/IMG_20151020_140036.jpg,NA
1026,lof/seller/IMG_20151020_142101.jpg,NA
1027,lof/seller/IMG_20151020_141532.jpg,NA
1028,lof/seller/IMG_20151020_142657.jpg,lof/seller/IMG_20151020_142657-612x816.jpg
1029,lof/seller/IMG_20151020_143333.jpg,lof/seller/IMG_20151020_143333-480x640.jpg
1030,lof/seller/IMG_20151020_143033.jpg,lof/seller/IMG_20151020_143033-480x853.jpg
1031,lof/seller/IMG_20151020_144018.jpg,lof/seller/IMG_20151020_144018-364x485.jpg
1032,lof/seller/IMG_20151020_144109.jpg,lof/seller/IMG_20151020_144109-612x816.jpg
1033,lof/seller/IMG_20151020_144556.jpg,lof/seller/IMG_20151020_144556-612x816.jpg
1034,lof/seller/IMG_20151020_144338.jpg,lof/seller/IMG_20151020_144338-480x853.jpg
1035,lof/seller/IMG_20151020_144907.jpg,NA
1036,lof/seller/IMG_20151020_145115.jpg,lof/seller/IMG_20151020_145115-480x640.jpg
1037,lof/seller/IMG_20151020_145626.jpg,lof/seller/IMG_20151020_145626-600x800.jpg
1038,lof/seller/IMG_20151020_145635.jpg,lof/seller/IMG_20151020_145635-612x816.jpg
1039,lof/seller/IMG_20151020_145707.jpg,lof/seller/IMG_20151020_145707-480x853.jpg
1040,lof/seller/IMG_20151020_150342.jpg,lof/seller/IMG_20151020_150342-612x459.jpg
1041,lof/seller/IMG_20151020_150836.jpg,lof/seller/IMG_20151020_150836-600x800.jpg
1042,lof/seller/IMG_20151020_151115.jpg,lof/seller/IMG_20151020_151115-480x853.jpg
1043,lof/seller/IMG_20151020_151718.jpg,lof/seller/IMG_20151020_151718-600x800.jpg
1044,lof/seller/IMG_20151020_152640.jpg,lof/seller/IMG_20151020_152640-600x800.jpg
1045,lof/seller/IMG_20151020_152922.jpg,lof/seller/IMG_20151020_152922-612x816.jpg
1046,lof/seller/IMG_20151020_153747.jpg,lof/seller/IMG_20151020_153747-600x800.jpg
1047,lof/seller/IMG_20151020_154332.jpg,lof/seller/IMG_20151020_154332-480x640.jpg
1048,lof/seller/IMG_20151020_154122.jpg,lof/seller/IMG_20151020_154122-480x640.jpg
1049,lof/seller/IMG_20151020_154506.jpg,lof/seller/IMG_20151020_154506-480x853.jpg
1050,lof/seller/IMG_20151020_154544.jpg,lof/seller/IMG_20151020_154544-480x640.jpg
1051,lof/seller/IMG_20151020_154726.jpg,lof/seller/IMG_20151020_154726-600x800.jpg
1052,lof/seller/IMG_20151020_155423.jpg,lof/seller/IMG_20151020_155423-600x800.jpg
1053,lof/seller/IMG_20151020_160024.jpg,lof/seller/IMG_20151020_160024-480x640.jpg
1054,lof/seller/IMG_20151020_160033.jpg,lof/seller/IMG_20151020_160033-480x853.jpg
1055,lof/seller/IMG_20151020_160957.jpg,lof/seller/IMG_20151020_160957-480x640.jpg
1056,lof/seller/IMG_20151020_161313.jpg,lof/seller/IMG_20151020_161313-480x640.jpg
1057,lof/seller/IMG_20151020_161035.jpg,lof/seller/IMG_20151020_161035-480x853.jpg
1058,lof/seller/IMG_20151020_162507.jpg,lof/seller/IMG_20151020_162507-480x640.jpg
1059,lof/seller/IMG_20151020_163435.jpg,lof/seller/IMG_20151020_163435-480x640.jpg
1060,lof/seller/IMG_20151020_163914.jpg,lof/seller/IMG_20151020_163914-480x853.jpg
1061,lof/seller/IMG_20151020_163824.jpg,lof/seller/IMG_20151020_163824-480x640.jpg
1063,lof/seller/IMG_20151020_164553.jpg,lof/seller/IMG_20151020_164553-480x640.jpg
1064,lof/seller/IMG_20151020_165027.jpg,lof/seller/IMG_20151020_165027-480x640.jpg
1065,lof/seller/IMG_20151020_165306.jpg,lof/seller/IMG_20151020_165306-480x640.jpg
1066,lof/seller/IMG_20151020_165549.jpg,lof/seller/IMG_20151020_165549-480x640.jpg
1067,lof/seller/IMG_20151020_165922.jpg,lof/seller/IMG_20151020_165922-480x640.jpg
1068,lof/seller/IMG_20151020_170243.jpg,lof/seller/IMG_20151020_170243-480x640.jpg
1069,lof/seller/IMG_20151020_170111.jpg,lof/seller/IMG_20151020_170111-480x853.jpg
1070,lof/seller/IMG_20151020_170957.jpg,lof/seller/IMG_20151020_170957-480x640.jpg
1071,lof/seller/IMG_20151020_171121.jpg,lof/seller/IMG_20151020_171121-480x640.jpg
1072,lof/seller/IMG_20151020_171323.jpg,lof/seller/IMG_20151020_171323-480x853.jpg
1073,lof/seller/IMG_20151020_171323.jpg,lof/seller/IMG_20151020_171323-480x853.jpg
1074,lof/seller/IMG_20151020_172821.jpg,lof/seller/IMG_20151020_172821-480x640.jpg
1075,lof/seller/IMG_20151020_173513.jpg,lof/seller/IMG_20151020_173513-480x640.jpg
1076,lof/seller/IMG_20151020_173935.jpg,lof/seller/IMG_20151020_173935-480x640.jpg
1077,lof/seller/IMG_20151020_174306.jpg,lof/seller/IMG_20151020_174306-480x640.jpg
1078,lof/seller/IMG_20151021_110431.jpg,lof/seller/IMG_20151021_110431-480x640.jpg
1079,lof/seller/IMG_20151021_111143.jpg,lof/seller/IMG_20151021_111143-480x640.jpg
1080,lof/seller/IMG_20151021_111722.jpg,lof/seller/IMG_20151021_111722-480x640.jpg
1081,lof/seller/IMG_20151021_112113.jpg,lof/seller/IMG_20151021_112113-480x640.jpg
1082,lof/seller/IMG_20151021_112424.jpg,lof/seller/IMG_20151021_112424-480x640.jpg
1083,lof/seller/IMG_20151021_113639.jpg,NA
1084,lof/seller/IMG_20151021_114055.jpg,lof/seller/IMG_20151021_114055-364x648.jpg
1085,lof/seller/IMG_20151021_114451.jpg,NA
1086,lof/seller/IMG_20151021_114858.jpg,lof/seller/IMG_20151021_114858-364x485.jpg
1087,lof/seller/IMG_20151021_114947.jpg,NA
1088,lof/seller/IMG_20151021_115322.jpg,NA
1089,lof/seller/IMG_20151021_115249.jpg,lof/seller/IMG_20151021_115249-480x640.jpg
1090,lof/seller/IMG_20151021_115656.jpg,NA
1091,lof/seller/IMG_20151021_120311.jpg,lof/seller/IMG_20151021_120311-364x485.jpg
1093,lof/seller/IMG_20151021_120535.jpg,lof/seller/IMG_20151021_120535-364x648.jpg
1095,lof/seller/IMG_20151021_121848.jpg,NA
1096,lof/seller/IMG_20151021_122218.jpg,NA
1097,lof/seller/IMG_20151021_122249.jpg,lof/seller/IMG_20151021_122249-480x640.jpg
1098,lof/seller/IMG_20151021_122759.jpg,lof/seller/IMG_20151021_122759-364x648.jpg
1099,lof/seller/IMG_20151021_123444.jpg,lof/seller/IMG_20151021_123444-480x854.jpg
1100,lof/seller/IMG_20151021_123710.jpg,lof/seller/IMG_20151021_123710-364x485.jpg
1101,lof/seller/IMG_20151021_123847.jpg,NA
1102,lof/seller/IMG_20151021_124429.jpg,NA
1103,lof/seller/IMG_20151021_124522.jpg,NA
1104,lof/seller/IMG_20151021_125227.jpg,lof/seller/IMG_20151021_125227-600x800.jpg
1105,lof/seller/IMG_20151021_125554.jpg,lof/seller/IMG_20151021_125554-600x800.jpg
1107,lof/seller/IMG_20151021_131325.jpg,lof/seller/IMG_20151021_131325-364x485.jpg
1108,lof/seller/IMG_20151021_131713.jpg,lof/seller/IMG_20151021_131713-480x640.jpg
1109,lof/seller/IMG_20151021_132634.jpg,lof/seller/IMG_20151021_132634-364x485.jpg
1110,lof/seller/IMG_20151021_133834.jpg,lof/seller/IMG_20151021_133834-480x640.jpg
1111,lof/seller/IMG_20151021_135115.jpg,lof/seller/IMG_20151021_135115-612x816.jpg
1112,lof/seller/IMG_20151021_140323.jpg,lof/seller/IMG_20151021_140323-600x800.jpg
1113,lof/seller/IMG_20151021_141228.jpg,lof/seller/IMG_20151021_141228-480x640.jpg
1114,lof/seller/IMG_20151021_141658.jpg,lof/seller/IMG_20151021_141658-480x640.jpg
1115,lof/seller/IMG_20151021_142032.jpg,lof/seller/IMG_20151021_142032-480x640.jpg
1116,lof/seller/IMG_20151021_142401.jpg,NA
1117,lof/seller/IMG_20151021_142941.jpg,lof/seller/IMG_20151021_142941-480x640.jpg
1118,lof/seller/IMG_20151021_143308.jpg,lof/seller/IMG_20151021_143308-600x800.jpg
1119,lof/seller/IMG_20151021_143739.jpg,lof/seller/IMG_20151021_143739-600x800.jpg
1120,lof/seller/IMG_20151021_143954.jpg,lof/seller/IMG_20151021_143954-600x800.jpg
1121,lof/seller/IMG_20151021_144700.jpg,lof/seller/IMG_20151021_144700-480x640.jpg
1122,lof/seller/IMG_20151021_145256.jpg,lof/seller/IMG_20151021_145256-600x800.jpg
1123,lof/seller/IMG_20151021_145833.jpg,lof/seller/IMG_20151021_145833-480x640.jpg
1124,lof/seller/IMG_20151021_150438.jpg,lof/seller/IMG_20151021_150438-612x816.jpg
1125,lof/seller/IMG_20151021_150359.jpg,lof/seller/IMG_20151021_150359-480x640.jpg
1126,lof/seller/IMG_20151021_151912.jpg,lof/seller/IMG_20151021_151912-612x816.jpg
1127,lof/seller/IMG_20151021_152108.jpg,lof/seller/IMG_20151021_152108-612x816.jpg
1128,lof/seller/IMG_20151021_152858.jpg,lof/seller/IMG_20151021_152858-612x816.jpg
1129,lof/seller/IMG_20151021_153339.jpg,lof/seller/IMG_20151021_153339-612x816.jpg
1130,lof/seller/IMG_20151021_153553.jpg,lof/seller/IMG_20151021_153553-612x816.jpg
1131,lof/seller/IMG_20151021_154259.jpg,lof/seller/IMG_20151021_154259-600x800.jpg
1132,lof/seller/IMG_20151021_154519.jpg,lof/seller/IMG_20151021_154519-612x816.jpg
1133,lof/seller/IMG_20151021_154427.jpg,lof/seller/IMG_20151021_154427-480x720.jpg
1134,lof/seller/IMG_20151021_155146.jpg,lof/seller/IMG_20151021_155146-480x360.jpg
1135,lof/seller/IMG_20151021_155558.jpg,lof/seller/IMG_20151021_155558-612x816.jpg
1136,lof/seller/IMG_20151021_160707.jpg,lof/seller/IMG_20151021_160707-600x800.jpg
1137,lof/seller/IMG_20151023_110156.jpg,lof/seller/IMG_20151023_110156-600x800.jpg
1138,lof/seller/IMG_20151023_111212.jpg,lof/seller/IMG_20151023_111212-480x640.jpg
1139,lof/seller/IMG_20151023_112624.jpg,NA
1141,lof/seller/IMG_20151023_113517.jpg,lof/seller/IMG_20151023_113517-364x648.jpg
1142,lof/seller/IMG_20151023_113011.jpg,NA
1143,lof/seller/IMG_20151023_113921.jpg,lof/seller/IMG_20151023_113921-364x648.jpg
1144,lof/seller/IMG_20151023_114816.jpg,NA
1145,lof/seller/IMG_20151023_115212.jpg,NA
1146,lof/seller/IMG_20151023_115856.jpg,lof/seller/IMG_20151023_115856-364x648.jpg
1147,lof/seller/IMG_20151023_120333.jpg,lof/seller/IMG_20151023_120333-364x648.jpg
1148,lof/seller/IMG_20151023_125435.jpg,NA
1151,lof/seller/IMG_20151023_131122.jpg,lof/seller/IMG_20151023_131122-600x800.jpg
1152,lof/seller/IMG_20151023_152918.jpg,lof/seller/IMG_20151023_152918-364x648.jpg
1153,lof/seller/IMG_20151023_153306.jpg,lof/seller/IMG_20151023_153306-364x648.jpg
1154,lof/seller/IMG_20151023_154039.jpg,lof/seller/IMG_20151023_154039-364x648.jpg
1155,lof/seller/IMG_20151023_155432.jpg,NA
1156,lof/seller/IMG_20151023_160044.jpg,NA
1157,lof/seller/IMG_20151023_164414.jpg,lof/seller/IMG_20151023_164414-480x640.jpg
1158,lof/seller/IMG_20151023_164444.jpg,lof/seller/IMG_20151023_164444-480x640.jpg
1159,lof/seller/IMG_20151023_164809.jpg,lof/seller/IMG_20151023_164809-364x648.jpg
1160,lof/seller/IMG_20151023_165139.jpg,lof/seller/IMG_20151023_165139-480x640.jpg
1161,lof/seller/IMG_20151023_165219.jpg,NA
1162,lof/seller/IMG_20151023_165337.jpg,NA
1163,lof/seller/IMG_20151023_165642.jpg,NA
1164,lof/seller/IMG_20151023_165929.jpg,NA
1165,lof/seller/IMG_20151023_170036.jpg,NA
1166,lof/seller/IMG_20151023_170415.jpg,NA
1167,lof/seller/IMG_20151023_170458.jpg,NA
1168,lof/seller/IMG_20151023_170815.jpg,NA
1169,lof/seller/IMG_20151023_170837.jpg,NA
1170,lof/seller/IMG_20151023_171141.jpg,NA
1171,lof/seller/IMG_20151023_171245.jpg,NA
1172,lof/seller/IMG_20151023_172551.jpg,NA
1173,lof/seller/IMG_20151023_173557.jpg,NA
1174,lof/seller/IMG_20151023_173652.jpg,NA
1175,lof/seller/IMG_20151023_173917.jpg,NA
1176,lof/seller/IMG_20151023_174219.jpg,NA
1177,lof/seller/IMG_20151023_174648.jpg,NA
1178,lof/seller/IMG_20151023_175118.jpg,NA
1179,lof/seller/IMG_20151023_175433.jpg,NA
1180,lof/seller/IMG_20151023_185609.jpg,NA
1181,lof/seller/IMG_20151024_115434.jpg,NA
1182,lof/seller/IMG_20151024_120153.jpg,NA
1183,lof/seller/IMG_20151024_120855.jpg,NA
1184,lof/seller/IMG_20151024_121417.jpg,NA
1185,lof/seller/IMG_20151024_122333.jpg,NA
1186,lof/seller/IMG_20151024_122924.jpg,NA
1187,lof/seller/IMG_20151024_123532.jpg,NA
1188,lof/seller/IMG_20151024_123913.jpg,NA
1189,lof/seller/IMG_20151024_124822.jpg,NA
1190,lof/seller/IMG_20151024_125719.jpg,NA
1191,lof/seller/IMG_20151024_130212.jpg,NA
1192,lof/seller/IMG_20151024_130640.jpg,NA
1194,lof/seller/IMG_20151024_154118.jpg,NA
1195,lof/seller/IMG_20151024_155911.jpg,NA
1196,lof/seller/IMG_20151024_160417.jpg,NA
1197,lof/seller/IMG_20151024_160318.jpg,NA
1198,lof/seller/IMG_20151024_160901.jpg,NA
1199,lof/seller/IMG_20151024_160949.jpg,NA
1200,lof/seller/IMG_20151024_161217.jpg,NA
1201,lof/seller/IMG_20151024_161511.jpg,NA
1202,lof/seller/IMG_20151024_161334.jpg,NA
1203,lof/seller/IMG_20151024_162712.jpg,NA
1204,lof/seller/IMG_20151024_163201.jpg,NA
1205,lof/seller/IMG_20151024_163548.jpg,NA
1206,lof/seller/IMG_20151024_164237.jpg,NA
1207,lof/seller/IMG_20151024_164536.jpg,NA
1208,lof/seller/IMG_20151024_164909.jpg,NA
1209,lof/seller/IMG_20151024_165510.jpg,NA
1210,lof/seller/IMG_20151024_170354.jpg,NA
1211,lof/seller/IMG_20151024_171852.jpg,NA
1212,lof/seller/IMG_20151027_145506.jpg,NA
1213,lof/seller/IMG_20151027_150108.jpg,NA
1214,lof/seller/IMG_20151027_150330.jpg,NA
1215,lof/seller/IMG_20151027_150716.jpg,NA
1216,lof/seller/IMG_20151027_151018.jpg,NA
1217,lof/seller/IMG_20151027_151415.jpg,NA
1218,lof/seller/IMG_20151027_151415.jpg,NA
1219,lof/seller/IMG_20151027_151626.jpg,NA
1221,lof/seller/IMG_20151027_152524.jpg,NA
1222,lof/seller/IMG_20151027_152429.jpg,NA
1223,lof/seller/IMG_20151027_153238.jpg,NA
1224,lof/seller/IMG_20151027_153523.jpg,NA
1225,lof/seller/IMG_20151027_154018.jpg,NA
1226,lof/seller/IMG_20151027_155103.jpg,NA
1227,lof/seller/IMG_20151027_154928.jpg,NA
1228,lof/seller/IMG_20151027_155520.jpg,NA
1229,lof/seller/IMG_20151027_155825.jpg,NA
1230,lof/seller/IMG_20151027_160544.jpg,NA
1231,lof/seller/IMG_20151027_160938.jpg,NA
1232,lof/seller/IMG_20151027_161246.jpg,NA
1233,lof/seller/IMG_20151027_161940.jpg,NA
1234,lof/seller/IMG_20151027_162150.jpg,NA
1235,lof/seller/IMG_20151027_161940.jpg,NA
1236,lof/seller/IMG_20151027_162115.jpg,NA
1237,lof/seller/IMG_20151027_162811.jpg,NA
1238,lof/seller/IMG_20151027_162744.jpg,NA
1239,lof/seller/IMG_20151027_163239.jpg,NA
1240,lof/seller/IMG_20151027_163227.jpg,NA
1241,lof/seller/IMG_20151027_163604.jpg,NA
1242,lof/seller/IMG_20151027_163918.jpg,NA
1243,lof/seller/IMG_20151027_164148.jpg,NA
1244,lof/seller/IMG_20151027_164324.jpg,NA
1245,lof/seller/IMG_20151027_164536.jpg,NA
1246,lof/seller/IMG_20151027_164454.jpg,NA
1247,lof/seller/IMG_20151027_165104.jpg,NA
1248,lof/seller/IMG_20151027_165031.jpg,NA
1249,lof/seller/IMG_20151027_165742.jpg,NA
1250,lof/seller/IMG_20151027_165742.jpg,NA
1251,lof/seller/IMG_20151027_165604.jpg,NA
1252,lof/seller/IMG_20151027_170027.jpg,NA
1253,lof/seller/IMG_20151027_170154.jpg,NA
1254,lof/seller/IMG_20151027_170250.jpg,NA
1255,lof/seller/IMG_20151027_170909.jpg,NA
1256,lof/seller/IMG_20151027_171201.jpg,NA
1257,lof/seller/IMG_20151027_171201.jpg,NA
1258,lof/seller/IMG_20151027_171548.jpg,NA
1259,lof/seller/IMG_20151027_171844.jpg,NA
1260,lof/seller/IMG_20151027_172013.jpg,NA
1261,lof/seller/IMG_20151027_171939.jpg,NA
1262,lof/seller/IMG_20151027_172313.jpg,NA
1263,lof/seller/IMG_20151027_172427.jpg,NA
1264,lof/seller/IMG_20151027_172542.jpg,NA
1265,lof/seller/IMG_20151027_172736.jpg,NA
1266,lof/seller/IMG_20151027_172836.jpg,NA
1267,lof/seller/IMG_20151027_172919.jpg,NA
1268,lof/seller/IMG_20151027_173115.jpg,NA
1269,lof/seller/IMG_20151027_173327.jpg,NA
1270,lof/seller/IMG_20151027_173520.jpg,NA
1271,lof/seller/IMG_20151027_173825.jpg,NA
1272,lof/seller/IMG_20151027_174158.jpg,NA
1273,lof/seller/IMG_20151028_123123.jpg,NA
1274,lof/seller/IMG_20151028_123517.jpg,NA
1275,lof/seller/IMG_20151028_124112.jpg,NA
1276,lof/seller/IMG_20151028_124526.jpg,NA
1277,lof/seller/IMG_20151028_124651.jpg,NA
1278,lof/seller/IMG_20151028_124526.jpg,NA
1279,lof/seller/IMG_20151028_125221.jpg,NA
1280,lof/seller/IMG_20151028_125416.jpg,NA
1281,lof/seller/IMG_20151028_125221.jpg,NA
1282,lof/seller/IMG_20151028_130132.jpg,NA
1284,lof/seller/IMG_20151028_125416.jpg,NA
1285,lof/seller/IMG_20151028_130519.jpg,NA
1286,lof/seller/IMG_20151028_130829.jpg,NA
1287,lof/seller/IMG_20151028_130946.jpg,NA
1288,lof/seller/IMG_20151028_130946.jpg,NA
1289,lof/seller/IMG_20151028_131323.jpg,NA
1290,lof/seller/IMG_20151028_131628.jpg,NA
1291,lof/seller/IMG_20151028_131628.jpg,NA
1292,lof/seller/IMG_20151028_131927.jpg,NA
1293,lof/seller/IMG_20151028_132559.jpg,NA
1294,lof/seller/IMG_20151028_132730.jpg,NA
1295,lof/seller/IMG_20151028_133306.jpg,NA
1296,lof/seller/IMG_20151028_133345.jpg,NA
1297,lof/seller/IMG_20151028_133437.jpg,NA
1298,lof/seller/IMG_20151028_133716.jpg,NA
1299,lof/seller/IMG_20151028_134157.jpg,NA
1300,lof/seller/IMG_20151028_134157.jpg,NA
1301,lof/seller/IMG_20151028_134627.jpg,NA
1302,lof/seller/IMG_20151028_135039.jpg,NA
1303,lof/seller/IMG_20151028_135255.jpg,NA
1304,lof/seller/IMG_20151028_135613.jpg,NA
1305,lof/seller/IMG_20151028_135943.jpg,NA
1306,lof/seller/IMG_20151028_140307.jpg,NA
1307,lof/seller/IMG_20151028_140643.jpg,NA
1308,lof/seller/IMG_20151028_140858.jpg,NA
1309,lof/seller/IMG_20151028_141719.jpg,NA
1310,lof/seller/IMG_20151028_142224.jpg,NA
1311,lof/seller/IMG_20151028_142514.jpg,NA
1312,lof/seller/IMG_20151028_145707.jpg,NA
1313,lof/seller/IMG_20151028_145954.jpg,NA
1314,lof/seller/IMG_20151028_150544.jpg,NA
1315,lof/seller/IMG_20151028_150947.jpg,NA
1316,lof/seller/IMG_20151028_150927.jpg,NA
1317,lof/seller/IMG_20151028_151535.jpg,NA
1318,lof/seller/IMG_20151028_151713.jpg,NA
1319,lof/seller/IMG_20151028_152006.jpg,NA
1320,lof/seller/IMG_20151028_152827.jpg,NA
1321,lof/seller/IMG_20151028_152904.jpg,NA
1322,lof/seller/IMG_20151028_153213.jpg,NA
1323,lof/seller/IMG_20151028_153706.jpg,NA
1324,lof/seller/IMG_20151028_154006.jpg,NA
1325,lof/seller/IMG_20151028_155413.jpg,NA
1326,lof/seller/IMG_20151028_161810.jpg,NA
1327,lof/seller/IMG_20151028_161901.jpg,NA
1328,lof/seller/IMG_20151028_162329.jpg,NA
1329,lof/seller/IMG_20151028_162220.jpg,NA
1330,lof/seller/IMG_20151028_162822.jpg,NA
1331,lof/seller/IMG_20151028_163313.jpg,NA
1332,lof/seller/IMG_20151028_163851.jpg,NA
1333,lof/seller/IMG_20151028_164234.jpg,NA
1334,lof/seller/IMG_20151028_164019.jpg,NA
1335,lof/seller/IMG_20151028_164218.jpg,NA
1336,lof/seller/IMG_20151028_164234.jpg,NA
1337,lof/seller/IMG_20151028_164834.jpg,NA
1338,lof/seller/IMG_20151028_165003.jpg,NA
1339,lof/seller/IMG_20151028_165156.jpg,NA
1340,lof/seller/IMG_20151028_165005.jpg,NA
1341,lof/seller/IMG_20151028_165441.jpg,NA
1342,lof/seller/IMG_20151028_165806.jpg,NA
1343,lof/seller/IMG_20151028_165836.jpg,NA
1344,lof/seller/IMG_20151028_170240.jpg,NA
1345,lof/seller/IMG_20151028_170314.jpg,NA
1346,lof/seller/IMG_20151028_170608.jpg,NA
1347,lof/seller/IMG_20151028_170926.jpg,NA
1348,lof/seller/IMG_20151028_171148.jpg,NA
1349,lof/seller/IMG_20151101_014506.jpg,NA
1350,lof/seller/IMG_20151101_014506.jpg,NA
1351,lof/seller/IMG_20151102_151719.jpg,NA
1352,lof/seller/IMG_20151102_152106.jpg,NA
1353,lof/seller/IMG_20151102_152740.jpg,NA
1354,lof/seller/IMG_20151102_153548.jpg,NA
1355,lof/seller/IMG_20151102_154120.jpg,NA
1356,lof/seller/IMG_20151102_154641.jpg,NA
1357,lof/seller/IMG_20151102_154741.jpg,NA
1358,lof/seller/IMG_20151102_155357.jpg,NA
1359,lof/seller/IMG_20151102_171854.jpg,NA
1360,lof/seller/IMG_20151102_172112.jpg,NA
1361,lof/seller/IMG_20151102_172709.jpg,NA
1362,lof/seller/IMG_20151102_173100.jpg,NA
1363,lof/seller/IMG_20151102_174107.jpg,NA
1364,lof/seller/IMG_20151102_174444.jpg,NA
1365,lof/seller/IMG_20151102_174849.jpg,NA
1366,lof/seller/IMG_20151102_175916.jpg,NA
1368,lof/seller/IMG_20151102_180726.jpg,NA
1369,lof/seller/IMG_20151103_154413.jpg,NA
1370,lof/seller/IMG_20151103_154734.jpg,NA
1371,lof/seller/IMG_20151103_155523.jpg,NA
1372,lof/seller/IMG_20151103_155850.jpg,NA
1373,lof/seller/IMG_20151103_160428.jpg,NA
1374,lof/seller/IMG_20151103_161317.jpg,NA
1375,lof/seller/IMG_20151103_161414.jpg,NA
1376,lof/seller/IMG_20151103_161754.jpg,NA
1377,lof/seller/IMG_20151103_162149.jpg,NA
1378,lof/seller/IMG_20151103_162650.jpg,NA
1379,lof/seller/IMG_20151103_162741.jpg,NA
1380,lof/seller/IMG_20151109_133045.jpg,NA
1381,lof/seller/IMG_20151109_133129.jpg,NA
1382,lof/seller/IMG_20151109_135046.jpg,NA
1383,lof/seller/IMG_20151109_135646.jpg,NA
1384,lof/seller/IMG_20151109_140354.jpg,NA
1385,lof/seller/IMG_20151109_141110.jpg,NA
1389,lof/seller/IMG_20151109_141209.jpg,NA
1390,lof/seller/IMG_20151109_141727.jpg,NA
1391,lof/seller/IMG_20151109_142147.jpg,NA
1392,lof/seller/IMG_20151109_142549.jpg,NA
1393,lof/seller/IMG_20151109_143121.jpg,NA
1394,lof/seller/IMG_20151109_143400.jpg,NA
1395,lof/seller/IMG_20151109_144251.jpg,NA
1396,lof/seller/IMG_20151109_144358.jpg,NA
1397,lof/seller/IMG_20151109_144624.jpg,NA
1398,lof/seller/IMG_20151109_145204.jpg,NA
1399,lof/seller/IMG_20151109_145245.jpg,NA
1400,lof/seller/IMG_20151109_150620.jpg,NA
1401,lof/seller/IMG_20151109_151356.jpg,NA
1402,lof/seller/IMG_20151109_151903.jpg,NA
1403,lof/seller/IMG_20151109_152212.jpg,NA
1404,lof/seller/IMG_20151109_152932.jpg,NA
1405,lof/seller/IMG_20151109_153207.jpg,NA
1406,lof/seller/IMG_20151109_153656.jpg,NA
1407,lof/seller/IMG_20151109_154029.jpg,NA
1408,lof/seller/IMG_20151109_154414.jpg,NA
1409,lof/seller/IMG_20151109_155107.jpg,NA
1410,lof/seller/IMG_20151109_160321.jpg,NA
1411,lof/seller/IMG_20151210_101353.jpg,NA
1412,lof/seller/IMG_20151210_102033.jpg,NA
1413,lof/seller/IMG_20151210_104542.jpg,NA
1414,lof/seller/IMG_20151210_110720.jpg,NA
1415,lof/seller/IMG_20151210_111003.jpg,NA
1416,lof/seller/IMG_20151210_111353.jpg,NA
1417,lof/seller/IMG_20151210_111739.jpg,NA
1418,lof/seller/IMG_20151210_112342.jpg,NA
1419,lof/seller/IMG_20151210_112756.jpg,NA
1420,lof/seller/IMG_20151210_114105.jpg,NA
1423,lof/seller/IMG_20151210_115059.jpg,NA
1424,lof/seller/IMG_20151210_120835.jpg,NA
1425,lof/seller/IMG_20151210_150210.jpg,NA
1426,lof/seller/IMG_20151210_150429.jpg,NA
6,lof/sellerIMG_20151019_111024,NA
11,lof/sellerIMG_20151019_113406,NA
12,lof/sellerIMG_20151019_113937,NA
14,lof/sellerIMG_20151019_115052,NA
15,lof/sellerIMG_20151019_115720,NA
16,lof/sellerIMG_20151019_120454,NA
28,lof/sellerIMG_20151019_142820,NA
29,lof/sellerIMG_20151019_143426,NA
33,lof/sellerIMG_20151019_150733,NA
462,lof/seller/IMG_20151013_103913.jpg,lof/seller/IMG_20151013_103913-600x800.jpg
463,lof/seller/IMG_20151013_105104.jpg,NA
464,lof/seller/IMG_20151013_110032.jpg,lof/seller/IMG_20151013_110032-480x640.jpg
465,lof/seller/IMG_20151013_111227.jpg,NA
466,lof/seller/IMG_20151013_112722.jpg,lof/seller/IMG_20151013_112722-600x800.jpg
467,lof/seller/IMG_20151013_113327.jpg,NA
468,lof/seller/IMG_20151013_113405.jpg,NA
469,lof/seller/IMG_20151013_114234.jpg,NA
470,lof/seller/IMG_20151013_114630.jpg,lof/seller/IMG_20151013_114630-600x800.jpg
471,lof/seller/IMG_20151013_115752.jpg,lof/seller/IMG_20151013_115752-612x816.jpg
472,lof/seller/IMG_20151013_115950.jpg,NA
473,lof/seller/IMG_20151013_120931.jpg,lof/seller/IMG_20151013_120931-480x640.jpg
474,lof/seller/IMG_20151013_120954.jpg,NA
475,lof/seller/IMG_20151013_121838.jpg,lof/seller/IMG_20151013_121838-364x485.jpg
476,lof/seller/IMG_20151013_122505.jpg,NA
477,lof/seller/IMG_20151013_122212.jpg,lof/seller/IMG_20151013_122212-600x800.jpg
478,lof/seller/IMG_20151013_124915.jpg,NA
479,lof/seller/IMG_20151013_125625.jpg,NA
480,lof/seller/IMG_20151013_130329.jpg,NA
481,lof/seller/IMG_20151013_130305.jpg,lof/seller/IMG_20151013_130305-600x800.jpg
482,lof/seller/IMG_20151013_131057.jpg,lof/seller/IMG_20151013_131057-480x640.jpg
484,lof/seller/IMG_20151013_132657.jpg,lof/seller/IMG_20151013_132657-612x816.jpg
485,lof/seller/IMG_20151013_132523.jpg,NA
486,lof/seller/IMG_20151013_133526.jpg,lof/seller/IMG_20151013_133526-600x800.jpg
487,lof/seller/IMG_20151013_133956.jpg,lof/seller/IMG_20151013_133956-600x800.jpg
488,lof/seller/IMG_20151013_134446.jpg,lof/seller/IMG_20151013_134446-612x816.jpg
489,lof/seller/IMG_20151013_135135.jpg,lof/seller/IMG_20151013_135135-612x816.jpg
490,lof/seller/IMG_20151013_140336.jpg,lof/seller/IMG_20151013_140336-612x816.jpg
491,lof/seller/IMG_20151013_141147.jpg,lof/seller/IMG_20151013_141147-364x485.jpg
492,lof/seller/IMG_20151013_141728.jpg,lof/seller/IMG_20151013_141728-480x640.jpg
493,lof/seller/IMG_20151013_141552.jpg,lof/seller/IMG_20151013_141552-480x640.jpg
494,lof/seller/IMG_20151013_143121.jpg,lof/seller/IMG_20151013_143121-600x800.jpg
495,lof/seller/IMG_20151013_150218.jpg,lof/seller/IMG_20151013_150218-612x816.jpg
496,lof/seller/IMG_20151013_150255.jpg,lof/seller/IMG_20151013_150255-612x816.jpg
497,lof/seller/IMG_20151013_151617.jpg,lof/seller/IMG_20151013_151617-612x816.jpg
498,lof/seller/IMG_20151013_152159.jpg,lof/seller/IMG_20151013_152159-612x816.jpg
499,lof/seller/IMG_20151013_153611.jpg,lof/seller/IMG_20151013_153611-612x816.jpg
500,lof/seller/IMG_20151013_154745.jpg,lof/seller/IMG_20151013_154745-600x800.jpg
501,lof/seller/IMG_20151013_155156.jpg,lof/seller/IMG_20151013_155156-600x800.jpg
502,lof/seller/IMG_20151013_154909.jpg,lof/seller/IMG_20151013_154909-600x800.jpg
503,lof/seller/IMG_20151013_161821.jpg,lof/seller/IMG_20151013_161821-600x800.jpg
504,lof/seller/IMG_20151013_162427.jpg,lof/seller/IMG_20151013_162427-480x640.jpg
